id,product_name,categoria_principal,rango_descuento,discounted_price,actual_price,discount_percentage,rating,rating_count,buen_rating,probabilidad_buen_rating,nivel_riesgo
P0181,"Storite USB 3.0 Cable A to Micro B high Speed Upto 5 Gbps Data Transfer Cable for Portable External Hard Drive - (20cm), Black",Computers&Accessories,Medio,299.0,699.0,57.0,4.1,2957.0,1,0.8084740506938823,Medio
P0557,"Fire-Boltt Ninja 3 Smartwatch Full Touch 1.69 "" & 60 Sports Modes with IP68, Sp02 Tracking, Over 100 Cloud based watch faces ( Green )",Electronics,Alto,1499.0,7999.0,81.0,4.2,22638.0,1,0.6445619477364304,Alto
P0251,7SEVEN® Compatible Vu Smart Tv Remote Control Suitable for Original 4K Android LED Ultra HD UHD Vu Tv Remote with Non Voice Feature without google assistant,Electronics,Medio,499.0,899.0,44.0,3.7,185.0,0,0.6173743611797975,Alto
P1389,"Kuber Industries Nylon Mesh Laundry Basket|Sturdy Material & Durable Handles|Netted Lightweight Laundry Bag, Size 36 x 36 x 58, Capicity 30 Ltr (Pink)",Home&Kitchen,Medio,199.0,399.0,50.0,3.7,7945.0,0,0.613746254970538,Alto
P0213,"Amazon Basics USB C to Lightning TPE MFi Certified Charging Cable (White, 1.2 meter)",Computers&Accessories,Medio,799.0,1999.0,60.0,4.2,8583.0,1,0.8245955232141573,Medio
P0136,"pTron Solero 331 3.4Amps Multifunction Fast Charging Cable, 3-in-1 USB Cable Micro USB/Type-C/iOS, Made in India, Durable & Strong & Tangle-free 118cm in Length (Black)",Computers&Accessories,Alto,249.0,931.0,73.0,3.9,1075.0,0,0.7633108938291965,Medio
P0798,MAONO AU-400 Lavalier Auxiliary Omnidirectional Microphone (Black),MusicalInstruments,Medio,478.0,699.0,32.0,3.8,20218.0,0,0.9939471021732761,Bajo
P1173,Havells Ambrose 1200mm Ceiling Fan (Gold Mist Wood),Home&Kitchen,Medio,2199.0,3190.0,31.0,4.3,9650.0,1,0.7211529570177546,Medio
P0381,"realme narzo 50 (Speed Blue, 4GB RAM+64GB Storage) Helio G96 Processor | 50MP AI Triple Camera | 120Hz Ultra Smooth Display",Electronics,Bajo,12999.0,15999.0,19.0,4.2,13246.0,1,0.8776296827959318,Bajo
P0633,"Tygot Bluetooth Extendable Selfie Sticks with Wireless Remote and Tripod Stand, 3-in-1 Multifunctional Selfie Stick with Tripod Stand Compatible with iPhone/OnePlus/Samsung/Oppo/Vivo and All Phones",Electronics,Alto,399.0,1999.0,80.0,4.0,3382.0,1,0.5032579118454475,Alto
P0245,Boat A 350 Type C Cable 1.5m(Jet Black),Computers&Accessories,Alto,299.0,798.0,63.0,4.4,28791.0,1,0.8506280816712396,Bajo
P1228,"Lifelong 2-in1 Egg Boiler and Poacher 500-Watt (Transparent and Silver Grey), Boil 8 eggs, Poach 4 eggs, Easy to clean| 3 Boiling Modes, Stainless Steel Body and Heating Plate, Automatic Turn-Off",Home&Kitchen,Alto,1199.0,3500.0,66.0,4.3,1802.0,1,0.5704907119343607,Alto
P1421,KENT POWP-Sediment Filter 10'' Thread WCAP,Home&Kitchen,Bajo,231.0,260.0,11.0,4.1,490.0,1,0.7226607998016046,Medio
P0277,Amazon Brand - Solimo 3A Fast Charging Tough Type C USB Data Cable  – 1 Meter,Computers&Accessories,Medio,119.0,299.0,60.0,3.8,51.0,0,0.7903905805038759,Medio
P1413,"Aqua d pure Active Copper 12-L RO+UV Water Filter Purifier for Home, Kitchen Fully Automatic UF+TDS Controller",Home&Kitchen,Alto,4999.0,24999.0,80.0,4.5,287.0,1,0.7581924305847882,Medio
P0877,"Sony WI-C100 Wireless Headphones with Customizable Equalizer for Deep Bass & 25 Hrs Battery, DSEE-Upscale, Splash Proof, 360RA, Fast Pair, in-Ear Bluetooth Headset with mic for Phone Calls (Black)",Electronics,Medio,1599.0,2790.0,43.0,3.6,2272.0,0,0.6530467720402775,Medio
P0666,MI Usb Type-C Cable Smartphone (Black),Computers&Accessories,Bajo,229.0,299.0,23.0,4.3,30411.0,1,0.9143180105873869,Bajo
P1227,"Havells Instanio 1-Litre 3KW Instant Water Heater (Geyser), White Blue",Home&Kitchen,Medio,2599.0,4560.0,43.0,4.4,646.0,1,0.6677950399434462,Medio
P0623,"Seagate Expansion 1TB External HDD - USB 3.0 for Windows and Mac with 3 yr Data Recovery Services, Portable Hard Drive (STKM1000400)",Computers&Accessories,Bajo,4098.0,4999.0,18.0,4.5,50810.0,1,0.9540747376613113,Bajo
P1034,PRO365 Indo Mocktails/Coffee Foamer/Cappuccino/Lemonade/Milk Frother (6 Months Warranty),Home&Kitchen,Medio,249.0,499.0,50.0,3.3,8427.0,0,0.6167768091784371,Alto
P1119,"C (DEVICE) Lint Remover for Woolen Clothes, Electric Lint Remover, Best Lint Shaver for Clothes Pack of 1",Home&Kitchen,Alto,469.0,1599.0,71.0,3.7,6.0,0,0.5188988750860556,Alto
P1127,HUL Pureit Germkill kit for Classic 23 L water purifier - 3000 L Capacity,Home&Kitchen,Bajo,1130.0,1130.0,0.0,4.2,13250.0,1,0.7985171304184739,Medio
P0461,"PTron Newly Launched Force X10 Bluetooth Calling Smartwatch with 1.7"" Full Touch Color Display, Real Heart Rate Monitor, SpO2, Watch Faces, 5 Days Runtime, Fitness Trackers & IP68 Waterproof (Pink)",Electronics,Alto,1299.0,5999.0,78.0,3.3,4415.0,0,0.5664928160063258,Alto
P1371,"KNYUC MART Mini Electric Handy Room Heater Compact Plug-in, The Wall Outlet 400 Watts, Handy Air Warmer Blower Adjustable Timer Digital Display",Home&Kitchen,Bajo,778.0,999.0,22.0,3.3,8.0,0,0.6944026206335263,Medio
P1006,"Canon E4570 All-in-One Wi-Fi Ink Efficient Colour Printer with FAX/ADF/Duplex Printing (Black)- Smart Speaker Compatible, Standard",Computers&Accessories,Bajo,8349.0,9625.0,13.0,3.8,3652.0,0,0.9360917766318767,Bajo
P1199,"Oratech Coffee Frother electric, milk frother electric, coffee beater, cappuccino maker, Coffee Foamer, Mocktail Mixer, Coffee Foam Maker, coffee whisker electric, Froth Maker, coffee stirrers electric, coffee frothers, Coffee Blender, (6 Month Warranty) (Multicolour)",Home&Kitchen,Medio,279.0,499.0,44.0,4.8,28.0,1,0.6092555422478002,Alto
P1459,"Bajaj Majesty RX10 2000 Watts Heat Convector Room Heater (White, ISI Approved)",Home&Kitchen,Bajo,2219.0,3080.0,28.0,3.6,468.0,0,0.7014074146895948,Medio
P0273,VW 80 cm (32 inches) HD Ready Android Smart LED TV VW32PRO (Black),Electronics,Medio,8999.0,18999.0,53.0,4.0,6347.0,1,0.8063435239130595,Medio
P0638,"DIGITEK® (DTR 260 GT) Gorilla Tripod/Mini 33 cm (13 Inch) Tripod for Mobile Phone with Phone Mount & Remote, Flexible Gorilla Stand for DSLR & Action Cameras",Electronics,Medio,399.0,995.0,60.0,3.9,21372.0,0,0.6339464717264529,Alto
P1113,"Kuber Industries Waterproof Round Non Wovan Laundry Bag/Hamper|Metalic Printed With Handles|Foldable Bin & 45 Liter Capicity|Size 37 x 37 x 49, Pack of 1 (Beige & Brown)-KUBMART11450",Home&Kitchen,Bajo,177.0,199.0,11.0,4.1,3688.0,1,0.7314814634145489,Medio
P0959,SLOVIC® Tripod Mount Adapter| Tripod Mobile Holder|Tripod Phone Mount(Made in India)| Smartphone Clip Clipper 360 Degree for Taking Magic Video Shots & Pictures.,Electronics,Medio,326.0,799.0,59.0,4.4,10773.0,1,0.5974389015552236,Alto
P0291,Hisense 126 cm (50 inches) Bezelless Series 4K Ultra HD Smart LED Google TV 50A6H (Black),Electronics,Medio,32990.0,54990.0,40.0,4.1,1555.0,1,0.9742463146312851,Bajo
P0650,"PIDILITE Fevicryl Acrylic Colours Sunflower Kit (10 Colors x 15 ml) DIY Paint, Rich Pigment, Non-Craking Paint for Canvas, Wood, Leather, Earthenware, Metal, Diwali Gifts for Diwali",Home&Kitchen,Bajo,191.0,225.0,15.0,4.4,7203.0,1,0.7298037480362835,Medio
P0060,"Airtel DigitalTV DTH Television, Setup Box Remote Compatible for SD and HD Recording (Black)",Electronics,Alto,179.0,799.0,78.0,3.7,2201.0,0,0.49127447843200595,Alto
P0526,OpenTech® Military-Grade Tempered Glass Screen Protector Compatible for iPhone 13/13 Pro / 14 with Edge to Edge Coverage and Easy Installation kit (6.1 Inches),Electronics,Alto,299.0,999.0,70.0,4.3,8891.0,1,0.5505640523765829,Alto
P0630,"Portronics Konnect L 1.2M Fast Charging 3A 8 Pin USB Cable with Charge & Sync Function for iPhone, iPad (Grey)",Computers&Accessories,Alto,154.0,399.0,61.0,4.2,16905.0,1,0.8278734070724343,Medio
P0425,"Redmi Note 11 (Space Black, 4GB RAM, 64GB Storage)|90Hz FHD+ AMOLED Display | Qualcomm® Snapdragon™ 680-6nm | 33W Charger Included",Electronics,Bajo,12999.0,17999.0,28.0,4.1,50772.0,1,0.9235421331115163,Bajo
P1219,Philips Viva Collection HR1832/00 1.5-Litre400-Watt Juicer (Ink Black),Home&Kitchen,Bajo,6499.0,8995.0,28.0,4.3,2810.0,1,0.7746190078925224,Medio
P0560,"Amazon Basics USB Type-C to USB-A 2.0 Male Fast Charging Cable for Laptop - 3 Feet (0.9 Meters), Black",Computers&Accessories,Alto,219.0,700.0,69.0,4.3,20052.0,1,0.8187343367777192,Medio
P0005,"pTron Solero TB301 3A Type-C Data and Fast Charging Cable, Made in India, 480Mbps Data Sync, Strong and Durable 1.5-Meter Nylon Braided USB Cable for Type-C Devices for Charging Adapter (Black)",Computers&Accessories,Alto,149.0,1000.0,85.0,3.9,24871.0,0,0.7929063228080598,Medio
P0697,MI Braided USB Type-C Cable for Charging Adapter (Red),Computers&Accessories,Bajo,349.0,399.0,13.0,4.4,18757.0,1,0.9133935072854271,Bajo
P0025,Tizum High Speed HDMI Cable with Ethernet | Supports 3D 4K | for All HDMI Devices Laptop Computer Gaming Console TV Set Top Box (1.5 Meter/ 5 Feet),Electronics,Alto,199.0,699.0,72.0,4.2,12153.0,1,0.5509774663506977,Alto
P1056,"AGARO LR2007 Lint Remover, Rechargeable, for Woolen Sweaters, Blankets, Jackets, Burr Remover, Pill Remover From Carpets, Curtains",Home&Kitchen,Medio,678.0,1499.0,55.0,4.2,900.0,1,0.5838258486161734,Alto
P1434,"Karcher WD3 EU Wet and Dry Vacuum Cleaner, 1000 Watts Powerful Suction, 17 L Capacity, Blower Function, Easy Filter Removal for Home and Garden Cleaning  (Yellow/Black)",Home&Kitchen,Medio,6199.0,10999.0,44.0,4.2,10429.0,1,0.7670771607664316,Medio
P0332,"Fire-Boltt Ninja Call Pro Plus 1.83"" Smart Watch with Bluetooth Calling, AI Voice Assistance, 100 Sports Modes IP67 Rating, 240*280 Pixel High Resolution",Electronics,Alto,1799.0,19999.0,91.0,4.2,13937.0,1,0.7105992214951241,Medio
P0318,"PRUSHTI COVER AND BAGS, Protective Case for Airtel Xstream settop Box Remote Remote Control Pouch Cover Holder PU Leather Cover Holder(only Cover for Selling Purpose)",Electronics,Medio,199.0,499.0,60.0,3.8,538.0,0,0.5519773015745755,Alto
P0765,"Tarkan Portable Folding Laptop Desk for Bed, Lapdesk with Handle, Drawer, Cup & Mobile/Tablet Holder for Study, Eating, Work (Black)",Computers&Accessories,Medio,999.0,2499.0,60.0,4.3,1690.0,1,0.8132263025040668,Medio
P0661,"TP-Link Archer AC1200 Archer C6 Wi-Fi Speed Up to 867 Mbps/5 GHz + 400 Mbps/2.4 GHz, 5 Gigabit Ports, 4 External Antennas, MU-MIMO, Dual Band, WiFi Coverage with Access Point Mode, Black",Computers&Accessories,Medio,2499.0,4999.0,50.0,4.4,35024.0,1,0.9065384730539545,Bajo
P0864,"Lenovo 600 Bluetooth 5.0 Silent Mouse: Compact, Portable, Dongle-Free Multi-Device connectivity with Microsoft Swift Pair | 3-Level Adjustable DPI up to 2400 | Battery Life: up to 1 yr",Computers&Accessories,Medio,1439.0,2890.0,50.0,4.5,4099.0,1,0.8441568186819228,Medio
P1041,KENT 16052 Elegant Electric Glass Kettle 1.8L 2000 W | Blue LED Illumination | Borosilicate Glass Body | Boil Drying Protection | Used as Boiler | Milk | Tea | Water & Soup | 1 Year Warranty,Home&Kitchen,Medio,1199.0,2000.0,40.0,4.0,14030.0,1,0.6906861013891366,Medio
P0982,Camel Oil Pastel with Reusable Plastic Box - 50 Shades,Home&Kitchen,Bajo,230.0,230.0,0.0,4.5,9427.0,1,0.7796652676352003,Medio
P0781,"E-COSMOS Plug in LED Night Light Mini USB LED Light Flexible USB LED Ambient Light Mini USB LED Light, LED Portable car Bulb, Indoor, Outdoor, Reading, Sleep (4 pcs)",Computers&Accessories,Bajo,89.0,99.0,10.0,4.2,241.0,1,0.8914993736434208,Bajo
P1373,"Macmillan Aquafresh 5 Micron PS-05 10"" in PP Spun Filter Candle Set for All Type RO Water Purifier 10 inch (4)",Home&Kitchen,Alto,215.0,1499.0,86.0,3.9,1004.0,0,0.46172351456578364,Alto
P0821,"Zoul USB C 60W Fast Charging 3A 6ft/2M Long Type C Nylon Braided Data Cable Quick Charger Cable QC 3.0 for Samsung Galaxy M31S M30 S10 S9 S20 Plus, Note 10 9 8, A20e A40 A50 A70 (2M, Grey)",Computers&Accessories,Alto,389.0,1099.0,65.0,4.3,974.0,1,0.7867147986709968,Medio
P0350,boAt Bassheads 100 in Ear Wired Earphones with Mic(Taffy Pink),Electronics,Alto,349.0,999.0,65.0,4.1,363713.0,1,0.9964018758630705,Bajo
P1028,Bajaj RHX-2 800-Watt Room Heater (White),Home&Kitchen,Bajo,1399.0,1549.0,10.0,3.9,2602.0,0,0.7471621961305086,Medio
P0114,Cotbolt Silicone Protective Case Cover for LG an MR21GA Magic Remote Shockproof for LG Smart TV Remote 2021 Protective Skin Waterproof Anti Lost (Black) (Remote Not Included),Electronics,Alto,399.0,1999.0,80.0,4.5,505.0,1,0.49243089147027796,Alto
P0066,"Portronics Konnect L 20W PD Quick Charge Type-C to 8-Pin USB Mobile Charging Cable, 1.2M, Tangle Resistant, Fast Data Sync(Grey)",Computers&Accessories,Alto,263.0,699.0,62.0,4.1,450.0,1,0.7897296746209711,Medio
P0203,Cotbolt Silicone Case Cover Compatible for Samsung BN59-01312A QLED 8K 4K Smart TV Remote Shockproof Protective Remote Cover (Black),Electronics,Alto,349.0,999.0,65.0,4.0,839.0,1,0.5401645125236849,Alto
P0759,"Luxor 5 Subject Single Ruled Notebook - A4, 70 GSM, 300 pages",OfficeProducts,Bajo,252.0,315.0,20.0,4.5,3785.0,1,0.9947555263335512,Bajo
P1356,"KHAITAN AVAANTE KA-2013 1200 Watt 3-Rod Halogen Heater (1200 Watts, Grey)",Home&Kitchen,Medio,2199.0,3999.0,45.0,3.5,340.0,0,0.6523764457885606,Medio
P1030,Pigeon by Stovekraft Cruise 1800 watt Induction Cooktop (Black),Home&Kitchen,Medio,1699.0,3193.0,47.0,3.8,54032.0,0,0.7958195495672794,Medio
P0240,"Ambrane 60W / 3A Fast Charging Output Cable with Type-C to USB for Mobile, Neckband, True Wireless Earphone Charging, 480mbps Data Sync Speed, 1m Length (ACT - AZ10, White)",Computers&Accessories,Medio,179.0,399.0,55.0,4.0,1423.0,1,0.8072487239146297,Medio
P1446,IONIX Tap filter Multilayer | Activated Carbon Faucet Water Filters Universal Interface Home Kitchen Faucet Tap Water Clean Purifier Filter Cartridge Five Layer Water Filter-Pack of 1,Home&Kitchen,Alto,199.0,699.0,72.0,2.9,159.0,0,0.503659443886962,Alto
P0733,"STRIFF 12 Pieces Highly Flexible Silicone Micro USB Protector, Mouse Cable Protector, Suit for All Cell Phones, Computers and Chargers (White)",Electronics,Alto,95.0,499.0,81.0,4.2,1949.0,1,0.4746093565808393,Alto
P0772,"STRIFF UPH2W Multi Angle Tablet/Mobile Stand. Holder for iPhone, Android, Samsung, OnePlus, Xiaomi. Portable,Foldable Stand.Perfect for Bed,Office, Home,Gift and Desktop (White)",Electronics,Alto,99.0,499.0,80.0,4.1,2451.0,1,0.48043075797798623,Alto
P0494,"boAt Wave Lite Smartwatch with 1.69 Inches(4.29cm) HD Display, Heart Rate & SpO2 Level Monitor, Multiple Watch Faces, Activity Tracker, Multiple Sports Modes & IP68 (Scarlet Red)",Electronics,Alto,1499.0,6990.0,79.0,3.9,21796.0,0,0.637516748502087,Alto
P1185,"MILTON Smart Egg Boiler 360-Watts (Transparent and Silver Grey), Boil Up to 7 Eggs",Home&Kitchen,Medio,1099.0,1899.0,42.0,4.3,1811.0,1,0.6414558226065987,Alto
P1238,"Wonderchef Nutri-blend Mixer, Grinder & Blender | Powerful 400W 22000 RPM motor | Stainless steel Blades | 3 unbreakable jars | 2 Years warranty | Online recipe book by Chef Sanjeev Kapoor | Black",Home&Kitchen,Medio,2899.0,5500.0,47.0,3.8,8958.0,0,0.6921916611830592,Medio
P0502,"Duracell USB C To Lightning Apple Certified (Mfi) Braided Sync & Charge Cable For Iphone, Ipad And Ipod. Fast Charging Lightning Cable, 3.9 Feet (1.2M) - Black",Computers&Accessories,Medio,970.0,1999.0,51.0,4.4,184.0,1,0.8270841818345852,Medio
P0340,"Redmi A1 (Light Green, 2GB RAM 32GB ROM) | Segment Best AI Dual Cam | 5000mAh Battery | Leather Texture Design | Android 12",Electronics,Bajo,6499.0,8999.0,28.0,4.0,7807.0,1,0.7890859026027564,Medio
P0086,Acer 127 cm (50 inches) I Series 4K Ultra HD Android Smart LED TV AR50AR2851UDFL (Black),Electronics,Medio,27999.0,40990.0,32.0,4.3,4703.0,1,0.9550379971591741,Bajo
P0521,"Samsung Original EHS64 Wired in Ear Earphones with Mic, Black",Electronics,Bajo,949.0,999.0,5.0,4.2,31539.0,1,0.8284114146085351,Medio
P0482,"Fire-Boltt India's No 1 Smartwatch Brand Talk 2 Bluetooth Calling Smartwatch with Dual Button, Hands On Voice Assistance, 60 Sports Modes, in Built Mic & Speaker with IP68 Rating",Electronics,Alto,2199.0,9999.0,78.0,4.2,29472.0,1,0.7010476897035777,Medio
P1076,"Bajaj New Shakti Neo 25L Vertical Storage Water Heater (Geyser 25 Litres) 4 Star BEE Rated Heater For Water Heating with Titanium Armour, Swirl Flow Technology, Glasslined Tank(White), 1 Yr Warranty",Home&Kitchen,Medio,6299.0,15270.0,59.0,4.1,3233.0,1,0.7423195559465186,Medio
P0058,"Wecool Unbreakable 3 in 1 Charging Cable with 3A Speed, Fast Charging Multi Purpose Cable 1.25 Mtr Long, Type C cable, Micro Usb Cable and Cable for iPhone, White",Computers&Accessories,Alto,348.0,1499.0,77.0,4.2,656.0,1,0.7559880833066803,Medio
P0186,"AmazonBasics USB C to Lightning Aluminum with Nylon Braided MFi Certified Charging Cable (Grey, 1.8 meter)",Computers&Accessories,Medio,949.0,1999.0,53.0,4.4,13552.0,1,0.8500028363262273,Bajo
P1116,"Crompton Insta Comfort Heater 2000 Watts Heat Convector with Adjustable Thermostats, Hybrid Cyan, Standard (‎ACGRH- INSTACOMFORT)",Home&Kitchen,Bajo,1959.0,2400.0,18.0,4.0,237.0,1,0.7253377173850136,Medio
P1246,"Tesora - Inspired by you Large Premium Electric Kettle 1.8L, Stainless Steel Inner Body - Auto Power Cut, Boil Dry Protection & Cool Touch Double Wall, Portable | 1500 Watts |1 Year Warranty | (White)",Home&Kitchen,Bajo,1349.0,1850.0,27.0,4.4,638.0,1,0.6901340429578331,Medio
P0621,"Sounce Fast Phone Charging Cable & Data Sync USB Cable Compatible for iPhone 13, 12,11, X, 8, 7, 6, 5, iPad Air, Pro, Mini & iOS Devices",Computers&Accessories,Alto,199.0,999.0,80.0,3.9,7928.0,0,0.762546939269203,Medio
P0948,"Classmate Pulse 1 Subject Notebook - 240mm x 180mm , Soft Cover, 180 Pages, Single Line, Pack of 4",OfficeProducts,Bajo,300.0,300.0,0.0,4.2,419.0,1,0.9959662488225983,Bajo
P1184,"Heart Home Waterproof Round Non Wovan Laundry Bag/Hamper|Metalic Printed With Handles|Foldable Bin & 45 Liter Capicity|Size 37 x 37 x 49, Pack of 1 (Grey & Black)-HEARTXY11447",Home&Kitchen,Medio,199.0,499.0,60.0,4.1,1996.0,1,0.5550725687210117,Alto
P0585,"boAt Wave Call Smart Watch, Smart Talk with Advanced Dedicated Bluetooth Calling Chip, 1.69” HD Display with 550 NITS & 70% Color Gamut, 150+ Watch Faces, Multi-Sport Modes,HR,SpO2, IP68(Active Black)",Electronics,Alto,1799.0,7990.0,77.0,3.8,17833.0,0,0.6431929023321608,Alto
P1078,"Room Heater Warmer Wall-Outlet 400 Watts Electric Handy Room Heater (Room Heaters Home for Bedroom, Reading Books, Work, bathrooms, Rooms, Offices, Home Offices,2022",Home&Kitchen,Medio,799.0,1989.0,60.0,4.3,70.0,1,0.5678163093164282,Alto
P0301,Technotech High Speed HDMI Cable 5 Meter V1.4 - Supports Full HD 1080p (Color May Vary),Electronics,Alto,185.0,499.0,63.0,4.2,25.0,1,0.5383213378382062,Alto
P1391,"T TOPLINE 180 W Electric Hand Mixer,Hand Blender , Egg Beater, Cake maker , Beater Cream Mix, Food Blender, Beater for Whipping Cream Beater for Cake With 7 -Speed with spatula and oil brush",Home&Kitchen,Medio,549.0,999.0,45.0,4.0,1313.0,1,0.6167551658499688,Alto
P1052,"Pigeon Healthifry Digital Air Fryer, 360° High Speed Air Circulation Technology 1200 W with Non-Stick 4.2 L Basket - Green",Home&Kitchen,Medio,3599.0,7950.0,55.0,4.2,136.0,1,0.6639253901342022,Medio
P1290,"Melbon VM-905 2000-Watt Room Heater (ISI Certified, White Color) Ideal Electric Fan Heater for Small to Medium Room/Area (Plastic Body)",Home&Kitchen,Alto,998.0,2999.0,67.0,4.6,9.0,1,0.5532954574099027,Alto
P1210,"KENT 16068 Zoom Vacuum Cleaner for Home and Car 130 W | Cordless, Hoseless, Rechargeable HEPA Filters Vacuum Cleaner with Cyclonic Technology | Bagless Design and Multi Nozzle Operation | Blue",Home&Kitchen,Medio,6999.0,14999.0,53.0,4.1,1728.0,1,0.7550266026463245,Medio
P0041,Mi 108 cm (43 inches) Full HD Android LED TV 4C | L43M6-INC (Black),Electronics,Medio,19999.0,34999.0,43.0,4.3,27151.0,1,0.9439268213479299,Bajo
P0739,"Amazon Basics Multipurpose Foldable Laptop Table with Cup Holder, Brown",Computers&Accessories,Alto,599.0,3999.0,85.0,3.9,1087.0,0,0.7571561322570183,Medio
P1182,HOMEPACK 750W Radiant Room Home Office Heaters For Winter,Home&Kitchen,Medio,649.0,999.0,35.0,3.8,49.0,0,0.6491512665570192,Alto
P0992,"ZEBRONICS Aluminium Alloy Laptop Stand, Compatible with 9-15.6 inch Laptops, 7 Angles Adjustable, Anti Slip Silicon Rubber Pads, Foldable, Velvet Pouch Inside, Zeb-NS2000 (Dark Grey)",Computers&Accessories,Medio,899.0,1999.0,55.0,4.4,1667.0,1,0.8210689348535363,Medio
P1280,Havells Zella Flap Auto Immersion Rod 1500 Watts,Home&Kitchen,Medio,1499.0,3500.0,57.0,4.1,303.0,1,0.6002989943913175,Alto
P0325,Kodak 80 cm (32 inches) HD Ready Certified Android Smart LED TV 32HDX7XPROBL (Black),Electronics,Medio,10499.0,19499.0,46.0,4.2,1510.0,1,0.8187196815839112,Medio
P1007,"Crucial P3 500GB PCIe 3.0 3D NAND NVMe M.2 SSD, up to 3500MB/s - CT500P3SSD8",Computers&Accessories,Medio,3307.0,6100.0,46.0,4.3,2515.0,1,0.8710201550122133,Bajo
P0143,"TP-Link Nano USB WiFi Dongle 150Mbps High Gain Wireless Network Wi-Fi Adapter for PC Desktop and Laptops, Supports Windows 10/8.1/8/7/XP, Linux, Mac OS X (TL-WN722N)",Computers&Accessories,Medio,749.0,1339.0,44.0,4.2,179692.0,1,0.9871605283793344,Bajo
P0500,"Noise Pulse 2 Max Advanced Bluetooth Calling Smart Watch with 1.85'' TFT and 550 Nits Brightness, Smart DND, 10 Days Battery, 100 Sports Mode, Smartwatch for Men and Women - (Jet Black)",Electronics,Medio,2999.0,5999.0,50.0,4.1,7148.0,1,0.6837630121182529,Medio
P1009,HP v222w 64GB USB 2.0 Pen Drive (Silver),Computers&Accessories,Alto,449.0,1300.0,65.0,4.2,4959.0,1,0.7983231455520676,Medio
P0741,"Amazon Basics Magic Slate 8.5-inch LCD Writing Tablet with Stylus Pen, for Drawing, Playing, Noting by Kids & Adults, Black",Computers&Accessories,Alto,289.0,999.0,71.0,4.1,401.0,1,0.7678247128638026,Medio
P0909,"Zebronics Zeb-JUKEBAR 3900, 80W Multimedia soundbar with subwoofer Supporting Bluetooth, HDMI(ARC), Coaxial Input, AUX, USB & Remote Control (Black)",Electronics,Medio,4999.0,12499.0,60.0,4.2,4541.0,1,0.7148118833034698,Medio
P0719,Duracell Plus AAA Rechargeable Batteries (750 mAh) Pack of 4,Electronics,Bajo,399.0,499.0,20.0,4.3,27201.0,1,0.7758435735737543,Medio
P0876,Parker Quink Ink Bottle (Black),OfficeProducts,Bajo,90.0,100.0,10.0,4.3,3061.0,1,0.9954088600603104,Bajo
P1110,Crompton Insta Comfy 800 Watt Room Heater with 2 Heat Settings(Grey Blue),Home&Kitchen,Medio,1498.0,2300.0,35.0,3.8,95.0,0,0.6661338710458005,Medio
P0000,"Wayona Nylon Braided USB to Lightning Fast Charging and Data Sync Cable Compatible for iPhone 13, 12,11, X, 8, 7, 6, 5, iPad Air, Pro, Mini (3 FT Pack of 1, Grey)",Computers&Accessories,Alto,399.0,1099.0,64.0,4.2,24269.0,1,0.8418122452257677,Medio
P1412,Prestige PIC 15.0+ 1900-Watt Induction Cooktop (Black),Home&Kitchen,Medio,3180.0,5295.0,40.0,4.2,6919.0,1,0.7075230219962035,Medio
P0607,Boult Audio BassBuds X1 in-Ear Wired Earphones with 10mm Extra Bass Driver and HD Sound with mic(Black),Electronics,Alto,329.0,999.0,67.0,3.9,77027.0,0,0.7818085140502704,Medio
P1442,"Larrito wooden Cool Mist Humidifiers Essential Oil Diffuser Aroma Air Humidifier with Colorful Change for Car, Office, Babies, humidifiers for home, air humidifier for room (WOODEN HUMIDIFIRE-A)",Home&Kitchen,Medio,499.0,799.0,38.0,3.6,212.0,0,0.6361860444273163,Alto
P0172,"Ambrane 60W / 3A Fast Charging Output Cable with Micro to USB for Mobile, Neckband, True Wireless Earphone Charging, 480mbps Data Sync Speed, 1m Length (ACM - AZ1, Black)",Computers&Accessories,Alto,149.0,399.0,63.0,4.0,1423.0,1,0.7868514510654288,Medio
P0574,"Mobilife Bluetooth Extendable Selfie Stick with Tripod Stand and Wireless Remote,3-in-1 Multifunctional Selfie Stick Tripod for iPhone Samsung Mi Realme Oppo Vivo Google More,Black",Electronics,Medio,599.0,1399.0,57.0,4.1,14560.0,1,0.6262563873383445,Alto
P1031,Prestige PKGSS 1.7L 1500W Electric Kettle (Stainless Steel),Home&Kitchen,Bajo,1043.0,1345.0,22.0,3.8,15592.0,0,0.7456938404442799,Medio
P0989,"Lenovo 130 Wireless Compact Mouse, 1K DPI Optical sensor, 2.4GHz Wireless NanoUSB, 10m range, 3button(left,right,scroll) upto 3M left/right clicks, 10 month battery, Ambidextrous, Ergonomic GY51C12380",Computers&Accessories,Medio,579.0,1090.0,47.0,4.4,3482.0,1,0.8359029498269217,Medio
P0104,"Wayona Nylon Braided USB Data Sync and Fast Charging 3A Short Power Bank Cable For iPhones, iPad Air, iPad mini, iPod Nano and iPod Touch (Grey)",Computers&Accessories,Alto,349.0,999.0,65.0,4.2,13120.0,1,0.8149749492255294,Medio
P1288,"Crompton Insta Delight Fan Circulator Room Heater with 3 Heat Settings (Slate Grey & Black, 2000 Watt)",Home&Kitchen,Medio,2590.0,4200.0,38.0,4.1,63.0,1,0.6792511374896978,Medio
P0135,LG 108 cm (43 inches) 4K Ultra HD Smart LED TV 43UQ7500PSF (Ceramic Black),Electronics,Medio,30990.0,49990.0,38.0,4.3,1376.0,1,0.9674229734755866,Bajo
P0572,"Fire-Boltt Visionary 1.78"" AMOLED Bluetooth Calling Smartwatch with 368*448 Pixel Resolution 100+ Sports Mode, TWS Connection, Voice Assistance, SPO2 & Heart Rate Monitoring",Electronics,Alto,3999.0,17999.0,78.0,4.3,17161.0,1,0.7468746885129107,Medio
P0436,Portronics MODESK POR-122 Universal Mobile Tabletop Holder (Black),Electronics,Alto,134.0,699.0,81.0,4.1,16685.0,1,0.5325750340178481,Alto
P0965,Canon PIXMA E477 All-in-One Wireless Ink Efficient Colour Printer (White/Blue),Computers&Accessories,Bajo,5299.0,6355.0,17.0,3.9,8280.0,0,0.9235245554816818,Bajo
P1307,USHA RapidMix 500-Watt Copper Motor Mixer Grinder with 3 Jars and 5 Years Warranty(Sea Green/White),Home&Kitchen,Bajo,2449.0,3390.0,28.0,4.0,5206.0,1,0.7198074690423071,Medio
P1027,"Prestige 1.5 Litre Kettle 1500-watts, Red",Home&Kitchen,Medio,749.0,1245.0,40.0,3.9,31783.0,0,0.7364819018344203,Medio
P0688,"boAt Airdopes 181 in-Ear True Wireless Earbuds with ENx  Tech, Beast  Mode(Low Latency Upto 60ms) for Gaming, with Mic, ASAP  Charge, 20H Playtime, Bluetooth v5.2, IPX4 & IWP (Cool Grey)",Electronics,Medio,1598.0,2990.0,47.0,3.8,11015.0,0,0.6706128787356346,Medio
P1275,"KENT Electric Chopper-B for Kitchen 250 Watt | Chop, Mince, Puree, Whisk, 400 ml Capacity | Stainless Steel Double Chopping Blades | Transparent Chopping Bowl | Anti-Skid | One Touch Operation | Black",Home&Kitchen,Medio,1349.0,2999.0,55.0,3.8,441.0,0,0.601988551264311,Alto
P0339,"Redmi A1 (Black, 2GB RAM, 32GB Storage) | Segment Best AI Dual Cam | 5000mAh Battery | Leather Texture Design | Android 12",Electronics,Bajo,6499.0,8999.0,28.0,4.0,7807.0,1,0.7890859026027564,Medio
P0629,"Boult Audio Airbass Z20 True Wireless, 40H Battery Life, Zen ENC Mic, Type-C Lightning Boult Fast Charging (10Mins=100Mins), BoomX Tech Bass, ENC, IPX5 in Ear Earbuds with mic (Green)",Electronics,Alto,1399.0,5499.0,75.0,3.9,9504.0,0,0.5910157944861965,Alto
P0744,"Zebronics Zeb Buds C2 in Ear Type C Wired Earphones with Mic, Braided 1.2 Metre Cable, Metallic Design, 10mm Drivers, in Line Mic & Volume Controller (Blue)",Electronics,Medio,399.0,699.0,43.0,3.4,3454.0,0,0.6300102929421416,Alto
P1100,"Bajaj DX-2 600W Dry Iron with Advance Soleplate and Anti-bacterial German Coating Technology, Black",Home&Kitchen,Bajo,499.0,625.0,20.0,4.2,5355.0,1,0.7131601696828401,Medio
P0556,"MI REDMI 9i Sport (Carbon Black, 64 GB) (4 GB RAM)",Electronics,Bajo,7915.0,9999.0,21.0,4.3,1376.0,1,0.8021967538355722,Medio
P0842,Zebronics Zeb Wonderbar 10 USB Powered 2.0 Computer Speaker with RGB Lights,Computers&Accessories,Medio,849.0,1499.0,43.0,4.0,7352.0,1,0.8547990541972941,Bajo
P1135,KENT 16044 Hand Blender Stainless Steel 400 W | Variable Speed Control | Easy to Clean and Store | Low Noise Operation,Home&Kitchen,Bajo,1499.0,2100.0,29.0,4.1,6355.0,1,0.7046530617098824,Medio
P0922,Faber-Castell Connector Pen Set - Pack of 25 (Assorted),Toys&Games,Bajo,150.0,150.0,0.0,4.3,15867.0,1,0.7323417635711973,Medio
P0712,LG 80 cm (32 inches) HD Ready Smart LED TV 32LM563BPTC (Dark Iron Gray),Electronics,Medio,13490.0,21990.0,39.0,4.3,11976.0,1,0.8739376292983669,Bajo
P0220,"Wayona Nylon Braided Usb Syncing And Charging Cable Sync And Charging Cable For Iphone, Ipad (3 Ft, Black) - Pack Of 2",Computers&Accessories,Alto,649.0,1999.0,68.0,4.2,24269.0,1,0.8397261177614869,Medio
P0246,"pTron Solero M241 2.4A Micro USB Data & Charging Cable, Made in India, 480Mbps Data Sync, Durable 1-Meter Long USB Cable for Micro USB Devices (White)",Computers&Accessories,Alto,89.0,800.0,89.0,3.9,1075.0,0,0.7131720662936262,Medio
P0978,HP 65W AC Laptops Charger Adapter 4.5mm for HP Pavilion Black (Without Power Cable),Computers&Accessories,Medio,770.0,1547.0,50.0,4.3,2585.0,1,0.8309308369939442,Medio
P0994,GIZGA Club-laptop Neoprene Reversible for 15.6-inches Laptop Sleeve - Black-Red,Computers&Accessories,Medio,249.0,499.0,50.0,4.2,22860.0,1,0.8628743508540074,Bajo
P1432,"Kuber Industries Waterproof Round Laundry Bag/Hamper|Polka Dots Print Print with Handles|Foldable Bin & 45 Liter Capicity|Size 37 x 37 x 49, Pack of 1(Black & White)- CTKTC044992",Home&Kitchen,Bajo,219.0,249.0,12.0,4.0,1108.0,1,0.7212325049226795,Medio
P0642,Sounce Spiral Charger Cable Protector Data Cable Saver Charging Cord Protective Cable Cover Headphone MacBook Laptop Earphone Cell Phone Set of 3 (Cable Protector (12 Units)),Computers&Accessories,Alto,99.0,999.0,90.0,4.0,1396.0,1,0.7129633312463703,Medio
P0077,TCL 80 cm (32 inches) HD Ready Certified Android Smart LED TV 32S5205 (Black),Electronics,Alto,10901.0,30990.0,65.0,4.1,398.0,1,0.8531995281368602,Bajo
P0931,Robustrion [Anti-Scratch] & [Smudge Proof] [S Pen Compatible] Premium Tempered Glass Screen Protector for Samsung Tab S6 Lite 10.4 inch SM-P610/615 [Bubble Free],Computers&Accessories,Alto,379.0,1499.0,75.0,4.2,4149.0,1,0.7712254936644772,Medio
P0735,"Logitech MK240 Nano Wireless USB Keyboard and Mouse Set, 12 Function Keys 2.4GHz Wireless, 1000DPI, Spill-Resistant Design, PC/Mac, Black/Chartreuse Yellow",Computers&Accessories,Bajo,1495.0,1995.0,25.0,4.3,7241.0,1,0.8896137977536064,Bajo
P1319,Havells Festiva 1200mm Dust Resistant Ceiling Fan (Gold Mist),Home&Kitchen,Bajo,2899.0,4005.0,28.0,4.3,7140.0,1,0.7327440711404581,Medio
P0511,"OnePlus Nord Watch with 1.78” AMOLED Display, 60 Hz Refresh Rate, 105 Fitness Modes, 10 Days Battery, SPO2, Heart Rate, Stress Monitor, Women Health Tracker & Multiple Watch Face [Midnight Black]",Electronics,Bajo,4999.0,6999.0,29.0,3.8,758.0,0,0.7465199439625171,Medio
P0200,Caldipree Silicone Case Cover Compatible for 2022 Samsung Smart TV Remote QLED TV BN68-13897A TM2280E (2022-BLACK),Electronics,Alto,547.0,2999.0,82.0,4.3,407.0,1,0.4969191338635199,Alto
P1357,Kenstar 2400 Watts 9 Fins Oil Filled Radiator with PTC Fan Heater (BLACK GOLD),Home&Kitchen,Medio,6850.0,11990.0,43.0,3.9,144.0,0,0.7520853972719983,Medio
P1354,SaleOn Instant Coal Heater 500W Charcoal Burner Electric Stove Hot Plate - Mix Colors - Pack of 1 - Only Charcoal Heater,Home&Kitchen,Medio,697.0,1499.0,54.0,3.8,144.0,0,0.5849407854175418,Alto
P0211,7SEVEN® Compatible Tata Sky Remote Control Replacement of Original dth SD HD tata Play Set top Box Remote - IR Learning Universal Remote for Any Brand TV - Pairing Must,Electronics,Alto,235.0,599.0,61.0,3.5,197.0,0,0.548142868662227,Alto
P1317,"Zuvexa Egg Boiler Poacher Automatic Off Steaming, Cooking, Boiling Double Layer 14 Egg Boiler (Multicolor)…",Home&Kitchen,Medio,419.0,999.0,58.0,4.4,227.0,1,0.5629999560236225,Alto
P0796,"Gizga Essentials Webcam Cover, Privacy Protector Webcam Cover Slide, Compatible with Laptop, Desktop, PC, Smartphone, Protect Your Privacy and Security, Strong Adhesive, Set of 3, Black",Computers&Accessories,Alto,69.0,299.0,77.0,4.3,255.0,1,0.7431483154767012,Medio
P1186,"iBELL SEK15L Premium 1.5 Litre Stainless Steel Electric Kettle,1500W Auto Cut-Off Feature,Silver with Black",Home&Kitchen,Medio,664.0,1490.0,55.0,4.0,2198.0,1,0.5884148063533075,Alto
P1157,"Eureka Forbes Wet & Dry Ultimo 1400 Watts Multipurpose Vacuum Cleaner,Power Suction & Blower with 20 litres Tank Capacity,6 Accessories,1 Year Warranty,Compact,Light Weight & Easy to use (Red)",Home&Kitchen,Medio,5499.0,9999.0,45.0,3.8,4353.0,0,0.7362592909511757,Medio
P0545,Noise_Colorfit Smart Watch Charger 2 Pin USB Fast Charger Magnetic Charging Cable Adapter (Smart Watch Charger 2 pin),Electronics,Alto,249.0,999.0,75.0,4.5,38.0,1,0.49760146496442953,Alto
P1138,"InstaCuppa Rechargeable Mini Electric Chopper - Stainless Steel Blades, One Touch Operation, for Mincing Garlic, Ginger, Onion, Vegetable, Meat, Nuts, (White, 250 ML, Pack of 1, 45 Watts)",Home&Kitchen,Medio,999.0,1499.0,33.0,4.1,1646.0,1,0.6681512862834528,Medio
P0206,TCL 80 cm (32 inches) HD Ready Certified Android Smart LED TV 32S615 (Black),Electronics,Alto,11990.0,31990.0,63.0,4.2,64.0,1,0.8640660575338099,Bajo
P1304,"Kent Gold, Optima, Gold+ Spare Kit",Home&Kitchen,Bajo,649.0,670.0,3.0,4.1,7786.0,1,0.7718593521793919,Medio
P0635,"Casio FX-991ES Plus-2nd Edition Scientific Calculator, Black",OfficeProducts,Bajo,1295.0,1295.0,0.0,4.5,5760.0,1,0.9964986257968684,Bajo
P0869,"KLAM LCD Writing Tablet Screenwriting Toys Board Smart Digital E-Note Pad 8.5 Inch Light Weight Magic Slate for Drawing Playing Noting by Kids and Adults Best Birthday Gift Girls Boys, Multicolor",Computers&Accessories,Alto,175.0,499.0,65.0,4.1,21.0,1,0.7788075044481642,Medio
P1425,"Sujata Dynamix, Mixer Grinder, 900 Watts, 3 Jars (White)",Home&Kitchen,Bajo,6120.0,8073.0,24.0,4.6,2751.0,1,0.7766960849759085,Medio
P0659,"HP X200 Wireless Mouse with 2.4 GHz Wireless connectivity, Adjustable DPI up to 1600, ambidextrous Design, and 18-Month Long Battery Life. 3-Years Warranty (6VY95AA)",Computers&Accessories,Medio,681.0,1199.0,43.0,4.2,8258.0,1,0.8543970455279021,Bajo
P0830,"FEDUS Cat6 Ethernet Cable, 10 Meter High Speed 550MHZ / 10 Gigabit Speed UTP LAN Cable, Network Cable Internet Cable RJ45 Cable LAN Wire, Patch Computer Cord Gigabit Category 6 Wires for Modem, Router",Computers&Accessories,Medio,287.0,499.0,42.0,4.4,8076.0,1,0.8510800498359044,Bajo
P1107,"PHILIPS Digital Air Fryer HD9252/90 with Touch Panel, uses up to 90% less fat, 7 Pre-set Menu, 1400W, 4.1 Liter, with Rapid Air Technology (Black), Large",Home&Kitchen,Bajo,8799.0,11595.0,24.0,4.4,2981.0,1,0.8111179894174902,Medio
P0831,"Samsung Original Type C to C Cable - 3.28 Feet (1 Meter), White",Computers&Accessories,Bajo,599.0,599.0,0.0,4.3,355.0,1,0.9085638066978844,Bajo
P1324,"Milk Frother, Immersion Blender Cordlesss Foam Maker USB Rechargeable Small Mixer Handheld with 2 Stainless Whisks，Wisker for Stirring 3-Speed Adjustable Mini Frother for Cappuccino Latte Coffee Egg",Home&Kitchen,Alto,375.0,999.0,62.0,3.6,1988.0,0,0.553886901096071,Alto
P0826,"Airtel AMF-311WW Data Card (Black), 4g Hotspot Support with 2300 Mah Battery",Computers&Accessories,Medio,2099.0,3250.0,35.0,3.8,11213.0,0,0.8868199756207615,Bajo
P0535,"SanDisk Ultra microSD UHS-I Card 64GB, 120MB/s R",Electronics,Alto,649.0,2400.0,73.0,4.4,67260.0,1,0.751683126250853,Medio
P0935,"TP-Link UE300C USB Type-C to RJ45 Gigabit Ethernet Network Adapter/RJ45 LAN Wired Adapter for Ultrabook, Chromebook, Laptop, Desktop, Plug & Play, USB 3.0, Foldable and Portable Design",Computers&Accessories,Medio,1199.0,1999.0,40.0,4.5,22420.0,1,0.8885277180544486,Bajo
P0278,Mi 100 cm (40 inches) Horizon Edition Full HD Android LED TV 4A | L40M6-EI (Black),Electronics,Bajo,21999.0,29999.0,27.0,4.2,32840.0,1,0.9498808508635906,Bajo
P0434,"Redmi Note 11 Pro + 5G (Stealth Black, 8GB RAM, 256GB Storage) | 67W Turbo Charge | 120Hz Super AMOLED Display | Additional Exchange Offers | Charger Included",Electronics,Bajo,22999.0,28999.0,21.0,3.9,25824.0,0,0.9475858041139384,Bajo
P0708,"E-COSMOS 5V 1.2W Portable Flexible USB LED Light (Colors May Vary, Small) - Set of 2 Pieces",Computers&Accessories,Bajo,59.0,59.0,0.0,3.8,5958.0,0,0.9127035713501241,Bajo
P0457,Spigen EZ Fit Tempered Glass Screen Protector for iPhone 14 Pro Max - 2 Pack (Sensor Protection),Electronics,Alto,999.0,2899.0,66.0,4.7,7779.0,1,0.5869160624317612,Alto
P0886,"LIRAMARK Webcam Cover Slide, Ultra Thin Laptop Camera Cover Slide Blocker for Computer MacBook Pro iMac PC Tablet (Pack of 3)",Computers&Accessories,Bajo,149.0,149.0,0.0,4.3,10833.0,1,0.918793684640649,Bajo
P0742,"Zebronics ZEB-90HB USB Hub, 4 Ports, Pocket Sized, Plug & Play, for Laptop & Computers",Computers&Accessories,Alto,179.0,499.0,64.0,3.4,9385.0,0,0.8046277180424626,Medio
P1257,Hindware Atlantic Xceed 5L 3kW Instant Water Heater with Copper Heating Element and High Grade Stainless Steel Tank,Home&Kitchen,Medio,3599.0,7290.0,51.0,3.9,942.0,0,0.6733902058209621,Medio
P0150,VU 138 cm (55 inches) Premium Series 4K Ultra HD Smart IPS LED TV 55UT (Black),Electronics,Medio,29990.0,65000.0,54.0,4.1,211.0,1,0.9790327636576434,Bajo
P1296,"Instant Pot Air Fryer, Vortex 2QT, Touch Control Panel, 360° EvenCrisp™ Technology, Uses 95 % less Oil, 4-in-1 Appliance: Air Fry, Roast, Bake, Reheat (Vortex 1.97Litre, Black)",Home&Kitchen,Alto,4995.0,20049.0,75.0,4.8,3964.0,1,0.7377713905858357,Medio
P0396,"Portronics Adapto 20 Type C 20W Fast PD/Type C Adapter Charger with Fast Charging for iPhone 12/12 Pro/12 Mini/12 Pro Max/11/XS/XR/X/8/Plus, iPad Pro/Air/Mini, Galaxy 10/9/8 (Adapter Only) White",Electronics,Alto,529.0,1499.0,65.0,4.1,8599.0,1,0.575577635887579,Alto
P0498,"iQOO Z6 Pro 5G by vivo (Legion Sky, 6GB RAM, 128GB Storage) | Snapdragon 778G 5G | 66W FlashCharge | 1300 nits Peak Brightness | HDR10+",Electronics,Bajo,19999.0,27990.0,29.0,4.3,9499.0,1,0.9194357167414041,Bajo
P1108,"Milton Go Electro 2.0 Stainless Steel Electric Kettle, 1 Piece, 2 Litres, Silver | Power Indicator | 1500 Watts | Auto Cut-off | Detachable 360 Degree Connector | Boiler for Water",Home&Kitchen,Bajo,1345.0,1750.0,23.0,3.8,2466.0,0,0.7081080271031016,Medio
P1428,Havells Ventil Air DX 200mm Exhaust Fan (White),Home&Kitchen,Bajo,1999.0,2360.0,15.0,4.2,7801.0,1,0.7559678256944177,Medio
P0751,"Infinity (JBL Fuze Pint, Wireless Ultra Portable Mini Speaker with Mic, Deep Bass, Dual Equalizer, Bluetooth 5.0 with Voice Assistant Support for Mobiles (Black)",Electronics,Medio,899.0,1999.0,55.0,4.1,30469.0,1,0.6943237667887875,Medio
P0216,OnePlus 138.7 cm (55 inches) U Series 4K LED Smart Android TV 55U1S (Black),Electronics,Bajo,42999.0,59999.0,28.0,4.1,6753.0,1,0.9862876607201784,Bajo
P1044,"Bajaj Majesty DX-11 1000W Dry Iron with Advance Soleplate and Anti-bacterial German Coating Technology, White and Blue",Home&Kitchen,Bajo,599.0,785.0,24.0,4.2,24247.0,1,0.7579409469563426,Medio
P0477,"JBL C100SI Wired In Ear Headphones with Mic, JBL Pure Bass Sound, One Button Multi-function Remote, Premium Metallic Finish, Angled Buds for Comfort fit (Red)",Electronics,Medio,599.0,1299.0,54.0,4.1,192589.0,1,0.9622587028453742,Bajo
P1441,"Eureka Forbes Euroclean Paper Vacuum Cleaner Dust Bags for Excel, Ace, 300, Jet Models - Set of 10",Home&Kitchen,Medio,253.0,500.0,49.0,4.3,2664.0,1,0.599878252876661,Alto
P0345,"JBL C100SI Wired In Ear Headphones with Mic, JBL Pure Bass Sound, One Button Multi-function Remote, Angled Buds for Comfort fit (Black)",Electronics,Medio,599.0,999.0,40.0,4.1,192590.0,1,0.9690514445884605,Bajo
P1203,"Butterfly Smart Wet Grinder, 2L (White) with Coconut Scrapper Attachment, Output - 150 W, Input 260 W",Home&Kitchen,Bajo,3657.66,5156.0,29.0,3.9,12837.0,0,0.7585702393415368,Medio
P0404,"OnePlus Nord 2T 5G (Jade Fog, 12GB RAM, 256GB Storage)",Electronics,Bajo,33999.0,33999.0,0.0,4.3,17415.0,1,0.9702998576545345,Bajo
P0354,"Mi 10000mAH Li-Polymer, Micro-USB and Type C Input Port, Power Bank 3i with 18W Fast Charging (Midnight Black)",Electronics,Medio,1149.0,2199.0,48.0,4.3,178912.0,1,0.9600055552652912,Bajo
P0238,"Hi-Mobiler iPhone Charger Lightning Cable,2 Pack Apple MFi Certified USB iPhone Fast Chargering Cord,Data Sync Transfer for 13/12/11 Pro Max Xs X XR 8 7 6 5 5s iPad iPod More Model Cell Phone Cables",Computers&Accessories,Alto,254.0,799.0,68.0,4.0,2905.0,1,0.7808607657313377,Medio
P0963,"Panasonic Eneloop BQ-CC55N Advanced, Smart and Quick Charger for AA & AAA Rechargeable Batteries, White",Electronics,Bajo,1500.0,1500.0,0.0,4.4,25996.0,1,0.8321984298486537,Medio
P0520,"Redmi 11 Prime 5G (Thunder Black, 4GB RAM, 64GB Storage) | Prime Design | MTK Dimensity 700 | 50 MP Dual Cam | 5000mAh | 7 Band 5G",Electronics,Bajo,13999.0,15999.0,13.0,3.9,2180.0,0,0.871126918659676,Bajo
P0357,"Noise ColorFit Pulse Grand Smart Watch with 1.69""(4.29cm) HD Display, 60 Sports Modes, 150 Watch Faces, Fast Charge, Spo2, Stress, Sleep, Heart Rate Monitoring & IP68 Waterproof (Jet Black)",Electronics,Medio,1599.0,3999.0,60.0,4.0,30254.0,1,0.6996386054741542,Medio
P0422,MI Xiaomi 22.5W Fast USB Type C Charger Combo for Tablets - White,Electronics,Medio,649.0,999.0,35.0,4.2,1315.0,1,0.655610428290751,Medio
P1143,"Swiffer Instant Electric Water Heater Faucet Tap Home-Kitchen Instantaneous Water Heater Tank less for Tap, LED Electric Head Water Heaters Tail Gallon Comfort(3000W) ((Pack of 1))",Home&Kitchen,Bajo,1439.0,1999.0,28.0,4.8,53803.0,1,0.8311554852776935,Medio
P0529,"URBN 20000 mAh Lithium_Polymer 22.5W Super Fast Charging Ultra Compact Power Bank with Quick Charge & Power Delivery, Type C Input/Output, Made in India, Type C Cable Included (Camo)",Electronics,Medio,2179.0,3999.0,46.0,4.0,8380.0,1,0.6778647256322257,Medio
P0851,"Logitech Pebble M350 Wireless Mouse with Bluetooth or USB - Silent, Slim Computer Mouse with Quiet Click for Laptop, Notebook, PC and Mac - Graphite",Computers&Accessories,Medio,1490.0,2295.0,35.0,4.6,10652.0,1,0.8803273492302126,Bajo
P0827,Gizga Essentials Laptop Power Cable Cord- 3 Pin Adapter Isi Certified(1 Meter/3.3 Feet),Computers&Accessories,Alto,179.0,499.0,64.0,4.1,10174.0,1,0.8064881569996555,Medio
P1061,"AGARO Regal 800 Watts Handheld Vacuum Cleaner, Lightweight & Durable Body, Small/Mini Size ( Black)",Home&Kitchen,Bajo,1665.0,2099.0,21.0,4.0,14368.0,1,0.7536338317977793,Medio
P1000,"Classmate Drawing Book - Unruled, 40 Pages, 210 mm x 297 mm - Pack Of 4",OfficeProducts,Bajo,120.0,120.0,0.0,4.5,4951.0,1,0.9961891503589917,Bajo
P0031,"Ambrane 60W / 3A Type C Fast Charging Unbreakable 1.5m L Shaped Braided Cable, PD Technology, 480Mbps Data Transfer for Smartphones, Tablet, Laptops & other type c devices (ABLC10, Black)",Computers&Accessories,Alto,179.0,499.0,64.0,4.0,1934.0,1,0.7863906677490285,Medio
P1293,Shakti Technology S5 High Pressure Car Washer Machine 1900 Watts and Pressure 125 Bar with 10 Meter Hose Pipe,Home&Kitchen,Medio,5999.0,9999.0,40.0,4.2,170.0,1,0.7405405155157528,Medio
P0603,"HP X1000 Wired USB Mouse with 3 Handy Buttons, Fast-Moving Scroll Wheel and Optical Sensor works on most Surfaces (H2C21AA, Black/Grey)",Computers&Accessories,Medio,269.0,649.0,59.0,4.3,54315.0,1,0.8983465659791914,Bajo
P0970,"Artis AR-45W-MG2 45 Watts MG2 Laptop Adapter/Charger Compatible with MB Air 13” & MB Air 11” (14.5 V, 3.1 A) Connector: MG2 (T Tip Connector)",Computers&Accessories,Medio,1699.0,3499.0,51.0,3.6,7689.0,0,0.853335721503255,Bajo
P0787,"DIGITEK® (DRL-14C) Professional (31cm) Dual Temperature LED Ring Light with Tripod Stand & Mini Tripod for YouTube, Photo-Shoot, Video Shoot, Live Stream, Makeup, Vlogging & More",Electronics,Medio,1699.0,3495.0,51.0,4.1,14371.0,1,0.6736236394610243,Medio
P0561,Amozo Ultra Hybrid Camera and Drop Protection Back Cover Case for iPhone 13 (Polycarbonate| Back Transparent - Sides Black),Electronics,Alto,474.0,1799.0,74.0,4.3,1454.0,1,0.5173774353770748,Alto
P0049,"Amazonbasics Micro Usb Fast Charging Cable For Android Smartphone,Personal Computer,Printer With Gold Plated Connectors (6 Feet, Black)",Computers&Accessories,Medio,199.0,395.0,50.0,4.2,92595.0,1,0.9470209739951857,Bajo
P0219,"boAt LTG 550v3 Lightning Apple MFi Certified Cable with Spaceship Grade Aluminium Housing,Stress Resistance, Rapid 2.4A Charging & 480mbps Data Sync, 1m Length & 10000+ Bends Lifespan(Mercurial Black)",Computers&Accessories,Medio,848.99,1490.0,43.0,3.9,356.0,0,0.8411739379007274,Medio
P0084,"Wayona Usb Type C Fast Charger Cable Fast Charging Usb C Cable/Cord Compatible For Samsung Galaxy S10E S10 S9 S8 Plus S10+,Note 10 Note 9 Note 8,S20,M31S,M40,Realme X3,Pixel 2 Xl (3 Ft Pack Of 1,Grey)",Computers&Accessories,Alto,325.0,1299.0,75.0,4.2,10576.0,1,0.7860878162958848,Medio
P0415,"Ambrane 20000mAh Power Bank with 20W Fast Charging, Triple Output, Power Delivery, Type C Input, Made in India, Multi-Layer Protection, Li-Polymer + Type C Cable (Stylo-20k, Black)",Electronics,Bajo,1799.0,2499.0,28.0,4.1,18678.0,1,0.7509442547333458,Medio
P0493,"boAt Flash Edition Smart Watch with Activity Tracker, Multiple Sports Modes, 1.3"" Screen, 170+ Watch Faces, Sleep Monitor, Gesture, Camera & Music Control, IP68 & 7 Days Battery Life(Lightning Black)",Electronics,Alto,1799.0,6990.0,74.0,4.0,26880.0,1,0.6734137352767129,Medio
P1372,INKULTURE Stainless_Steel Measuring Cups & Spoon Combo for Dry or Liquid/Kitchen Gadgets for Cooking & Baking Cakes/Measuring Cup Set Combo with Handles (Set of 4 Cups & 4 Spoons),Home&Kitchen,Medio,279.0,699.0,60.0,4.3,2326.0,1,0.5589712422989792,Alto
P0951,Redmi 80 cm (32 inches) Android 11 Series HD Ready Smart LED TV | L32M6-RA/L32M7-RA (Black),Electronics,Medio,13999.0,24999.0,44.0,4.2,45237.0,1,0.9249960416782037,Bajo
P1079,"Wonderchef Nutri-blend Mixer, Grinder & Blender | Powerful 400W 22000 RPM motor | Stainless steel Blades | 2 unbreakable jars | 2 Years warranty | Online recipe book by Chef Sanjeev Kapoor | Black",Home&Kitchen,Medio,2699.0,5000.0,46.0,4.0,26164.0,1,0.7423174724507986,Medio
P1313,Cello Non-Stick Aluminium Sandwich Gas Toaster(Black),Home&Kitchen,Medio,299.0,595.0,50.0,4.0,314.0,1,0.588824169214102,Alto
P0490,"PTron Newly Launched Force X10 Bluetooth Calling Smartwatch with 1.7"" Full Touch Display, Real Heart Rate Monitor, SpO2, Watch Faces, 5 Days Runtime, Health/Fitness Trackers & IP68 Waterproof (Black)",Electronics,Alto,1399.0,5999.0,77.0,3.3,4415.0,0,0.5706694595300056,Alto
P0706,"JBL C200SI, Premium in Ear Wired Earphones with Mic, Signature Sound, One Button Multi-Function Remote, Angled Earbuds for Comfort fit (Blue)",Electronics,Medio,799.0,1499.0,47.0,4.1,53648.0,1,0.7806336155795986,Medio
P0227,Rts™ High Speed 3D Full HD 1080p Support (10 Meters) HDMI Male to HDMI Male Cable TV Lead 1.4V for All Hdmi Devices- Black (10M - 30 FEET),Electronics,Alto,598.0,4999.0,88.0,4.2,910.0,1,0.49986723237331965,Alto
P1150,"Lint Roller with 40 Paper Sheets, 22 x 5 cm (Grey)",Home&Kitchen,Bajo,245.0,299.0,18.0,4.1,1660.0,1,0.7041912965039641,Medio
P0453,"Motorola a10 Dual Sim keypad Mobile with 1750 mAh Battery, Expandable Storage Upto 32GB, Wireless FM with Recording - Rose Gold",Electronics,Bajo,1399.0,1630.0,14.0,4.0,9378.0,1,0.7569508375947102,Medio
P0133,"MI 2-in-1 USB Type C Cable (Micro USB to Type C) 30cm for Smartphone, Headphone, Laptop (White)",Computers&Accessories,Medio,179.0,299.0,40.0,3.9,81.0,0,0.8379413911758347,Medio
P0013,"Portronics Konnect CL 20W POR-1067 Type-C to 8 Pin USB 1.2M Cable with Power Delivery & 3A Quick Charge Support, Nylon Braided for All Type-C and 8 Pin Devices, Green",Computers&Accessories,Alto,350.0,899.0,61.0,4.2,2262.0,1,0.7985444936268182,Medio
P1367,KONVIO NEER 10 Inch Spun Filter (PP SPUN) Cartridge Compatible for 10 Inch Pre-Filter Housing of Water Purifier | Pack of 4 Spun,Home&Kitchen,Medio,499.0,999.0,50.0,4.3,1436.0,1,0.5982982113666829,Alto
P1196,"Crompton Sea Sapphira 1200 mm Ultra High Speed 3 Blade Ceiling Fan (Lustre Brown, Pack of 1)",Home&Kitchen,Medio,1449.0,2349.0,38.0,3.9,9019.0,0,0.6856115239983871,Medio
P1045,"Bajaj Rex 500W Mixer Grinder with Nutri-Pro Feature, 3 Jars, White",Home&Kitchen,Medio,1999.0,3210.0,38.0,4.2,41349.0,1,0.7884642733299846,Medio
P1455,"Libra Room Heater for Home, Room Heaters Home for Winter, Electric Heater with 2000 Watts Power as per IS Specification for Small to Medium Rooms - FH12 (Grey)",Home&Kitchen,Medio,949.0,2299.0,59.0,3.6,550.0,0,0.5776237235079701,Alto
P0182,"boAt LTG 500 Apple MFI Certified for iPhone, iPad and iPod 2Mtr Data Cable(Space Grey)",Computers&Accessories,Bajo,849.0,999.0,15.0,4.1,6736.0,1,0.898372004376186,Bajo
P0728,"JBL Go 2, Wireless Portable Bluetooth Speaker with Mic, JBL Signature Sound, Vibrant Color Options with IPX7 Waterproof & AUX (Blue)",Electronics,Medio,1999.0,2999.0,33.0,4.3,63899.0,1,0.8497800964545797,Medio
P0497,"Redmi Note 11T 5G (Matte Black, 6GB RAM, 128GB ROM)| Dimensity 810 5G | 33W Pro Fast Charging | Charger Included | Additional Exchange Offers|Get 2 Months of YouTube Premium Free!",Electronics,Bajo,16999.0,20999.0,19.0,4.1,31822.0,1,0.9273510593416988,Bajo
P0961,"Orico 2.5""(6.3cm) USB 3.0 HDD Enclosure Case Cover for SATA SSD HDD | SATA SSD HDD Enclosure High Speed USB 3.0 | Tool Free Installation | Black",Computers&Accessories,Medio,657.0,999.0,34.0,4.3,13944.0,1,0.8793746208105164,Bajo
P1331,"HealthSense Rechargeable Lint Remover for Clothes | Fuzz and Fur Remover | Electric Fabric Shaver, Trimmer for Clothes, Carpet, Sofa, Sweaters, Curtains | One-Year Warranty Included - New-Feel LR350",Home&Kitchen,Medio,999.0,1500.0,33.0,4.2,386.0,1,0.6639431649370662,Medio
P0096,"LOHAYA Remote Compatible for Mi Smart LED TV 4A Remote Control (32""/43"") [ Compatible for Mi Tv Remote Control ] [ Compatible for Mi Smart LED Tv Remote Control ]",Electronics,Alto,249.0,799.0,69.0,3.8,1079.0,0,0.5226419574610652,Alto
P0652,"Gizga Essentials Hard Drive Case Shell, 6.35cm/2.5-inch, Portable Storage Organizer Bag for Earphone USB Cable Power Bank Mobile Charger Digital Gadget Hard Disk, Water Resistance Material, Black",Computers&Accessories,Alto,199.0,599.0,67.0,4.5,13568.0,1,0.8079009469446654,Medio
P1055,Havells Immersion HB15 1500 Watt (White Blue),Home&Kitchen,Medio,719.0,1295.0,44.0,4.2,17218.0,1,0.678668921854716,Medio
P0250,7SEVEN® Compatible for Mi tv Remote Control Original Suitable with Smart Android 4K LED Non Voice Command Xiaomi Redmi Remote of 4A Model 32 43 55 65 inches,Electronics,Medio,349.0,799.0,56.0,3.6,323.0,0,0.5707620730095516,Alto
P0326,"Synqe Type C to Type C Short Fast Charging 60W Cable Compatible with Samsung Galaxy Z Fold3 5G, Z Flip3 5G, S22 5G, S22 Ultra, S21, S20, S20FE, A52, A73, A53 (0.25M, Black)",Computers&Accessories,Alto,349.0,999.0,65.0,4.3,838.0,1,0.7854597718892042,Medio
P1050,INALSA Electric Kettle 1.5 Litre with Stainless Steel Body - Absa|Auto Shut Off & Boil Dry Protection Safety Features| Cordless Base & Cord Winder|Hot Water Kettle |Water Heater Jug,Home&Kitchen,Medio,699.0,1595.0,56.0,4.1,8090.0,1,0.6073023466316056,Alto
P0161,"Wayona Type C Cable Nylon Braided USB C QC 3.0 Fast Charging Short Power Bank Cable for Samsung Galaxy S10e/S10+/S10/S9/S9+/Note 9/S8/Note 8, LG G7 G5 G6, Moto G6 G7 (0.25M, Black)",Computers&Accessories,Alto,339.0,999.0,66.0,4.3,6255.0,1,0.796322408085516,Medio
P1167,KENT 16026 Electric Kettle Stainless Steel 1.8 L | 1500W | Superfast Boiling | Auto Shut-Off | Boil Dry Protection | 360° Rotating Base | Water Level Indicator,Home&Kitchen,Medio,1199.0,1950.0,39.0,3.9,2832.0,0,0.6565662980613588,Medio
P0449,MI 33W SonicCharge 2.0 USB Charger for Cellular Phones - White,Electronics,Medio,999.0,1999.0,50.0,4.3,1777.0,1,0.6150055511763808,Alto
P0837,"Amazonbasics Nylon Braided Usb-C To Lightning Cable, Fast Charging Mfi Certified Smartphone, Iphone Charger (6-Foot, Dark Grey)",Computers&Accessories,Medio,899.0,1900.0,53.0,4.4,13552.0,1,0.8493005546553613,Medio
P0429,Goldmedal Curve Plus 202042 Plastic Spice 3-Pin 240V Universal Travel Adaptor (White),Electronics,Medio,99.0,171.0,42.0,4.5,11339.0,1,0.6540594281016296,Medio
P0333,"Fire-Boltt Phoenix Smart Watch with Bluetooth Calling 1.3"",120+ Sports Modes, 240*240 PX High Res with SpO2, Heart Rate Monitoring & IP67 Rating",Electronics,Alto,1998.0,9999.0,80.0,4.3,27696.0,1,0.6881509030777355,Medio
P1302,"Usha Aurora 1000 W Dry Iron with Innovative Tail Light Indicator, Weilburger Soleplate (White & Grey)",Home&Kitchen,Medio,717.0,1390.0,48.0,4.0,4867.0,1,0.6232715317003031,Alto
P0382,"WeCool Bluetooth Extendable Selfie Sticks with Wireless Remote and Tripod Stand, 3-in-1 Multifunctional Selfie Stick with Tripod Stand Compatible with iPhone/OnePlus/Samsung/Oppo/Vivo and All Phones",Electronics,Alto,539.0,1599.0,66.0,3.8,14648.0,0,0.5950805482280828,Alto
P0617,"Fire-Boltt Visionary 1.78"" AMOLED Bluetooth Calling Smartwatch with 368*448 Pixel Resolution 100+ Sports Mode, TWS Connection, Voice Assistance, SPO2 & Heart Rate Monitoring",Electronics,Alto,3999.0,16999.0,76.0,4.3,17162.0,1,0.7435545575239435,Medio
P0236,7SEVEN® TCL Remote Control Smart TV RC802V Remote Compatible for TCL TV Remote Original 55EP680 40A325 49S6500 55P8S 55P8 50P8 65P8 40S6500 43S6500FS 49S6800FS 49S6800 49S6510FS(Without Voice Function/Google Assistant and Non-Bluetooth remote),Electronics,Medio,399.0,899.0,56.0,3.4,431.0,0,0.5725183555291299,Alto
P0518,Kyosei Advanced Tempered Glass Compatible with Google Pixel 6a with Military-Grade Anti-Explosion Edge-to-Edge Coverage Screen Protector Guard,Electronics,Alto,299.0,1199.0,75.0,4.5,596.0,1,0.5023118372740566,Alto
P0832,Kingston DataTraveler Exodia DTX/32 GB Pen Drive USB 3.2 Gen 1 (Multicolor),Computers&Accessories,Bajo,349.0,450.0,22.0,4.1,18656.0,1,0.9016109963899139,Bajo
P1102,"AGARO Supreme High Pressure Washer, 1800 Watts, 120 Bars, 6.5L/Min Flow Rate, 8 Meters Outlet Hose, Portable, for Car,Bike and Home Cleaning Purpose, Black and Orange",Home&Kitchen,Medio,4789.0,8990.0,47.0,4.3,1017.0,1,0.7081271023604302,Medio
P0657,"Casio FX-82MS 2nd Gen Non-Programmable Scientific Calculator, 240 Functions and 2-line Display, Black",OfficeProducts,Bajo,522.0,550.0,5.0,4.4,12179.0,1,0.9963976652905082,Bajo
P0198,"Belkin Apple Certified Lightning to USB Charge and Sync Cable for iPhone, iPad, Air Pods, 39.6 inch (100cm) – Black",Computers&Accessories,Medio,999.0,1699.0,41.0,4.4,7318.0,1,0.8600166417451084,Bajo
P0913,"ZEBRONICS Zeb-100HB 4 Ports USB Hub for Laptop, PC Computers, Plug & Play, Backward Compatible - Black",Computers&Accessories,Medio,330.0,499.0,34.0,3.7,8566.0,0,0.8672459273433482,Bajo
P1128,Prestige Iris 750 Watt Mixer Grinder with 3 Stainless Steel Jar + 1 Juicer Jar (White and Blue),Home&Kitchen,Medio,3249.0,6295.0,48.0,3.9,43070.0,0,0.7944012836630736,Medio
P0854,Ant Esports GM320 RGB Optical Wired Gaming Mouse | 8 Programmable Buttons | 12800 DPI,Computers&Accessories,Alto,575.0,2799.0,79.0,4.2,8537.0,1,0.7832308413937041,Medio
P0386,"Samsung Original 25W USB Travel Lightning Adapter for Cellular Phones, Black",Electronics,Medio,1075.0,1699.0,37.0,4.4,7462.0,1,0.6780226340119611,Medio
P1243,"Sure From Aquaguard Delight NXT RO+UV+UF+Taste Adjuster(MTDS),6L water purifier,8 stages purification,Suitable for borewell,tanker,municipal water(Black) from Eureka Forbes",Home&Kitchen,Medio,9199.0,18000.0,49.0,4.0,16020.0,1,0.8290939198231547,Medio
P0022,Samsung 80 cm (32 Inches) Wondertainment Series HD Ready LED Smart TV UA32T4340BKXXL (Glossy Black),Electronics,Medio,13490.0,22900.0,41.0,4.3,16299.0,1,0.8823014597764157,Bajo
P0193,LOHAYA Television Remote Compatible for VU LED LCD HD Tv Remote Control Model No :- EN2B27V,Electronics,Alto,299.0,1199.0,75.0,3.7,490.0,0,0.5019129113797685,Alto
P1402,"Shakti Technology S3 High Pressure Car Washer Machine 1800 Watts and Pressure 120 Bar for Cleaning Car, Bike & Home",Home&Kitchen,Medio,4899.0,8999.0,46.0,4.1,297.0,1,0.709522095691156,Medio
P0460,"boAt Newly Launched Wave Electra with 1.81"" HD Display, Smart Calling with Ultra-Seamless BT Calling Chip,20 Built-In Watch Faces,100 + Sports Modes,Menu Personalization,In-Built Games(Charcoal Black)",Electronics,Alto,2999.0,7990.0,62.0,4.1,154.0,1,0.6398248127336648,Alto
P0999,"Offbeat® - DASH 2.4GHz Wireless + Bluetooth 5.1 Mouse, Multi-Device Dual Mode Slim Rechargeable Silent Click Buttons Wireless Bluetooth Mouse, 3 Adjustable DPI, Works on 2 devices at the same time with a switch button for Windows/Mac/Android/Ipad/Smart TV",Computers&Accessories,Bajo,1099.0,1499.0,27.0,4.2,2375.0,1,0.875736611550836,Bajo
P0043,"TP-Link Nano AC600 USB Wi-Fi Adapter(Archer T2U Nano)- 2.4G/5G Dual Band Wireless Network Adapter for PC Desktop Laptop, Mini Travel Size, Supports Windows 11,10, 8.1, 8, 7, XP/Mac OS 10.9-10.15",Computers&Accessories,Medio,999.0,1599.0,38.0,4.3,12093.0,1,0.8732037860440766,Bajo
P1220,Kitchenwell Multipurpose Portable Electronic Digital Weighing Scale Weight Machine | Weight Machine | 10 Kg,Home&Kitchen,Bajo,239.0,239.0,0.0,4.3,7.0,1,0.7544457020509936,Medio
P0047,"Amazon Basics High-Speed HDMI Cable, 6 Feet - Supports Ethernet, 3D, 4K video,Black",Electronics,Medio,309.0,475.0,35.0,4.4,426973.0,1,0.9991084001018917,Bajo
P0284,"pTron Solero T241 2.4A Type-C Data & Charging USB Cable, Made in India, 480Mbps Data Sync, Durable 1-Meter Long USB Cable for Smartphone, Type-C USB Devices (White)",Computers&Accessories,Alto,99.0,800.0,88.0,3.9,1075.0,0,0.7164041500725513,Medio
P0671,Portronics Konnect L POR-1081 Fast Charging 3A Type-C Cable 1.2Meter with Charge & Sync Function for All Type-C Devices (Grey),Computers&Accessories,Medio,154.0,339.0,55.0,4.3,13391.0,1,0.8332913447926205,Medio
P0040,"AmazonBasics USB 2.0 Cable - A-Male to B-Male - for Personal Computer, Printer- 6 Feet (1.8 Meters), Black",Computers&Accessories,Alto,209.0,695.0,70.0,4.5,107687.0,1,0.9432652773576796,Bajo
P0467,"Samsung Galaxy M04 Dark Blue, 4GB RAM, 128GB Storage | Upto 8GB RAM with RAM Plus | MediaTek Helio P35 | 5000 mAh Battery",Electronics,Bajo,10499.0,13499.0,22.0,4.2,284.0,1,0.8281989667208435,Medio
P0680,"STRIFF Laptop Tabletop Stand, Fold-Up, Adjustable, Ventilated, Portable Holder for Desk, Aluminum Foldable Laptop Ergonomic Compatibility with up to 15.6-inch Laptop, All Mac, Tab, and Mobile (Silver)",Computers&Accessories,Medio,449.0,999.0,55.0,4.0,2102.0,1,0.8138678629061707,Medio
P0924,"Zinq UPS for Router, Mini UPS for 12V WiFi Router Broadband Modem with Upto 4 Hours Power Backup, Upto 2Amp, Works with Existing Adapter, Also Works with Set-top Box, Smart Camera, CCTV (Black)",Computers&Accessories,Medio,1199.0,2999.0,60.0,4.1,10725.0,1,0.8367450559111026,Medio
P1248,"INALSA Hand Blender 1000 Watt with Chopper, Whisker, 600 ml Multipurpose Jar|Variable Speed And Turbo Speed Function |100% Copper Motor |Low Noise |ANTI-SPLASH TECHNOLOGY|2 Year Warranty",Home&Kitchen,Medio,2742.0,3995.0,31.0,4.4,11148.0,1,0.7348205606259378,Medio
P0006,"boAt Micro USB 55 Tangle-free, Sturdy Micro USB Cable with 3A Fast Charging & 480mbps Data Transmission (Black)",Computers&Accessories,Alto,176.63,499.0,65.0,4.1,15188.0,1,0.815639139778586,Medio
P1423,"iBELL SEK170BM Premium Electric Kettle, 1.7 Litre, Stainless Steel with Coating,1500W Auto Cut-Off, Silver with Black",Home&Kitchen,Medio,809.0,1950.0,59.0,3.9,710.0,0,0.5735932793234503,Alto
P0937,"Wecool Moonwalk M1 ENC True Wireless in Ear Earbuds with Mic, Titanium Drivers for Rich Bass Experience, 40+ Hours Play Time, Type C Fast Charging, Low Latency, BT 5.3, IPX5, Deep Bass (Black)",Electronics,Medio,889.0,1999.0,56.0,4.2,2284.0,1,0.5939354854610938,Alto
P0173,"Wayona USB Type C 65W Fast Charging 2M/6Ft Long Flash Charge Cable 3A QC 3.0 Data Cable Compatible with Samsung Galaxy S21 S10 S9 S8, iQOO Z3, Vivo, Note 10 9 8, A20e A40 A50 A70, Moto G7 G8 (2M, Grey)",Computers&Accessories,Alto,325.0,999.0,67.0,4.3,2651.0,1,0.7847060218179079,Medio
P0897,"Zebronics ZEB-VITA Wireless Bluetooth 10W Portable Bar Speaker With Supporting USB, SD Card, AUX, FM, TWS & Call Function",Electronics,Bajo,899.0,1199.0,25.0,3.8,10751.0,0,0.7223461168392041,Medio
P1190,"Usha Steam Pro SI 3713, 1300 W Steam Iron, Powerful steam Output up to 18 g/min, Non-Stick Soleplate (White & Blue)",Home&Kitchen,Medio,999.0,1560.0,36.0,3.6,4881.0,0,0.6691515159183861,Medio
P0722,"Logitech B100 Wired USB Mouse, 3 yr Warranty, 800 DPI Optical Tracking, Ambidextrous PC/Mac/Laptop - Black",Computers&Accessories,Bajo,279.0,375.0,26.0,4.3,31534.0,1,0.9122675932225623,Bajo
P0180,Sony TV - Remote Compatible for Sony LED Remote Control Works with Sony LED TV by Trend Trail Speed tech & Remote hi Remote & REO India only,Electronics,Medio,205.0,499.0,59.0,3.8,313.0,0,0.5550454390081186,Alto
P0294,Kodak 139 cm (55 inches) 4K Ultra HD Smart LED TV 55CA0909 (Black),Electronics,Medio,29999.0,50999.0,41.0,4.4,1712.0,1,0.96724479517313,Bajo
P0283,Tata Sky Digital TV HD Setup Box Remote,Electronics,Medio,215.0,499.0,57.0,3.5,121.0,0,0.5621187269470451,Alto
P0244,Electvision Remote Control for led Smart tv Compatible with VU Smart Led (Without Voice),Electronics,Alto,349.0,1999.0,83.0,3.8,197.0,0,0.4793272140889894,Alto
P1342,"Prestige PWG 07 Wet Grinder, 2L (Multicolor) with Coconut Scraper and Atta Kneader Attachments, 200 Watt",Home&Kitchen,Bajo,3710.0,4330.0,14.0,3.7,1662.0,0,0.763638852256005,Medio
P0721,Samsung 80 cm (32 Inches) Wondertainment Series HD Ready LED Smart TV UA32T4340BKXXL (Glossy Black),Electronics,Medio,13490.0,22900.0,41.0,4.3,16299.0,1,0.8823014597764157,Bajo
P0976,HB Plus Folding Height Adjustable Aluminum Foldable Portable Adjustment Desktop Laptop Holder Riser Stand,Computers&Accessories,Alto,398.0,1949.0,80.0,4.0,75.0,1,0.7498044425370475,Medio
P0234,"Zebronics CU3100V Fast charging Type C cable with QC 18W support, 3A max capacity, 1 meter braided cable, Data transfer and Superior durability (Braided Black )",Computers&Accessories,Alto,128.31,549.0,77.0,3.9,61.0,0,0.7450695067271672,Medio
P0509,"Redmi Note 11T 5G (Aquamarine Blue, 6GB RAM, 128GB ROM)| Dimensity 810 5G | 33W Pro Fast Charging | Charger Included | Additional Exchange Offers| Get 2 Months of YouTube Premium Free!",Electronics,Bajo,16999.0,20999.0,19.0,4.1,31822.0,1,0.9273510593416988,Bajo
P0775,"APC Back-UPS BX600C-IN 600VA / 360W, 230V, UPS System, an Ideal Power Backup & Protection for Home Office, Desktop PC & Home Electronics",Computers&Accessories,Bajo,3299.0,4100.0,20.0,3.9,15783.0,0,0.918381857552897,Bajo
P0928,"realme Buds Wireless in Ear Bluetooth Earphones with mic, 11.2mm Bass Boost Driver, Magnetic Fast Pair, Fast Charging and 12 Hrs Playtime (Yellow)",Electronics,Bajo,1679.0,1999.0,16.0,4.1,72563.0,1,0.8886960220213821,Bajo
P0726,"AirCase Rugged Hard Drive Case for 2.5-inch Western Digital, Seagate, Toshiba, Portable Storage Shell for Gadget Hard Disk USB Cable Power Bank Mobile Charger Earphone, Waterproof (Black)",Computers&Accessories,Medio,299.0,499.0,40.0,4.5,21010.0,1,0.877547793360712,Bajo
P1386,Themisto TH-WS20 Digital Kitchen Weighing Scale Stainless Steel (5Kg),Home&Kitchen,Alto,759.0,1999.0,62.0,4.3,532.0,1,0.5617882876899404,Alto
P1067,"SOFLIN Egg Boiler Electric Automatic Off 7 Egg Poacher for Steaming, Cooking, Boiling and Frying (400 Watts, Blue)",Home&Kitchen,Alto,379.0,999.0,62.0,4.3,3096.0,1,0.5580175057977368,Alto
P1226,ACTIVA Instant 3 LTR 3 KVA SPECIAL Anti Rust Coated Tank Geyser with Full ABS Body with 5 Year Warranty Premium (White),Home&Kitchen,Medio,1899.0,3790.0,50.0,3.8,3842.0,0,0.6432417052217348,Alto
P0524,"WeCool B1 Mobile Holder for Bikes or Bike Mobile Holder for Maps and GPS Navigation, one Click Locking, Firm Gripping, Anti Shake and Stable Cradle Clamp with 360° Rotation Bicycle Phone Mount",Electronics,Alto,689.0,1999.0,66.0,4.3,1193.0,1,0.5508215249446712,Alto
P0053,VW 80 cm (32 inches) Frameless Series HD Ready LED TV VW32A (Black),Electronics,Medio,6999.0,12999.0,46.0,4.2,4003.0,1,0.7652072790555348,Medio
P1411,KENT 16051 Hand Blender 300 W | 5 Variable Speed Control | Multiple Beaters & Dough Hooks | Turbo Function,Home&Kitchen,Bajo,1745.0,2400.0,27.0,4.2,14160.0,1,0.7381528896114569,Medio
P0254,SVM Products Unbreakable Set Top Box Stand with Dual Remote Holder (Black),Electronics,Alto,96.0,399.0,76.0,3.6,1796.0,0,0.49244648330111335,Alto
P1460,Havells Ventil Air DSP 230mm Exhaust Fan (Pista Green),Home&Kitchen,Bajo,1399.0,1890.0,26.0,4.0,8031.0,1,0.71715119240924,Medio
P0411,"Ambrane 10000mAh Slim Power Bank, 20W Fast Charging, Dual Output, Type C PD (Input & Output), Quick Charge, Li-Polymer, Multi-Layer Protection for iPhone, Anrdoid & Other Devices (Stylo 10K, Black)",Electronics,Medio,999.0,1599.0,38.0,4.0,7222.0,1,0.6724919030074135,Medio
P0139,"boAt Type-c A400 Type-c to USB A Cable for All Type C Phones (Lg nexus 5x), 1Mtr(Black)",Computers&Accessories,Medio,349.0,699.0,50.0,4.3,20850.0,1,0.860590822091263,Bajo
P1297,HUL Pureit Eco Water Saver Mineral RO+UV+MF AS wall mounted/Counter top Black 10L Water Purifier,Home&Kitchen,Medio,13999.0,24850.0,44.0,4.4,8948.0,1,0.8753630442034291,Bajo
P0128,7SEVEN® Compatible Lg Smart Tv Remote Suitable for Any LG LED OLED LCD UHD Plasma Android Television and AKB75095303 replacement of Original Lg Tv Remote Control,Electronics,Medio,349.0,599.0,42.0,4.2,284.0,1,0.6212169505046186,Alto
P1183,"Bajaj Rex 750W Mixer Grinder with Nutri Pro Feature, 4 Jars, White",Home&Kitchen,Medio,3249.0,6375.0,49.0,4.0,4978.0,1,0.6827448146595494,Medio
P0932,"Cablet 2.5 Inch SATA USB 3.0 HDD/SSD Portable External Enclosure for 7mm and 9.5mm, Tool-Free Design, Supports UASP Max 6TB",Computers&Accessories,Medio,499.0,775.0,36.0,4.3,74.0,1,0.8498276559724444,Medio
P0146,"AmazonBasics New Release Nylon USB-A to Lightning Cable Cord, MFi Certified Charger for Apple iPhone, iPad, Silver, 6-Ft",Computers&Accessories,Medio,999.0,2100.0,52.0,4.5,5492.0,1,0.836799732550696,Medio
P0856,Pilot V7 Liquid Ink Roller Ball Pen (2 Blue + 1 Black),OfficeProducts,Bajo,178.0,210.0,15.0,4.3,2450.0,1,0.9950220149095012,Bajo
P0720,"tizum HDMI to VGA Adapter Cable 1080P for Projector, Computer, Laptop, TV, Projectors & TV",Electronics,Medio,279.0,499.0,44.0,3.7,10962.0,0,0.6498112144355954,Alto
P0645,"Boult Audio ZCharge Bluetooth Wireless in Ear Earphones with Mic, 40H Playtime and Super Fast Charging, Environmental Noise Cancellation for Pro+ Calling and IPX5 Water Resistant (Black)",Electronics,Alto,1199.0,4999.0,76.0,3.8,14961.0,0,0.6004910245248312,Alto
P1087,"Amazon Basics 2000/1000 Watt Room Heater with Adjustable Thermostat (ISI certified, White color, Ideal for small to medium room/area)",Home&Kitchen,Medio,1049.0,1699.0,38.0,3.1,111.0,0,0.6476099868556555,Alto
P1447,"Kitchengenix's Mini Waffle Maker 4 Inch- 350 Watts: Stainless Steel Non-Stick Electric Iron Machine for Individual Belgian Waffles, Pan Cakes, Paninis or Other Snacks (Red)",Home&Kitchen,Medio,899.0,1999.0,55.0,4.2,39.0,1,0.5873187370286002,Alto
P1054,Philips GC1905 1440-Watt Steam Iron with Spray (Blue),Home&Kitchen,Bajo,1614.0,1745.0,8.0,4.3,37974.0,1,0.8402206129166406,Medio
P1068,"Lifelong LLQH925 Dyno Quartz Heater 2 Power settings Tip Over Cut-off Switch 800 Watt Silent operation Power Indicator 2 Rod Room Heater (1 Year Warranty, Grey)",Home&Kitchen,Medio,1099.0,2400.0,54.0,3.8,4.0,0,0.5963607205999811,Alto
P0380,"Duracell 38W Fast Car Charger Adapter with Dual Output. Quick Charge, Type C PD 20W & Qualcomm Certified 3.0 Compatible for iPhone, All Smartphones, Tablets & More (Copper & Black)",Electronics,Medio,873.0,1699.0,49.0,4.4,1680.0,1,0.614516893393044,Alto
P0634,"boAt Rockerz 330 in-Ear Bluetooth Neckband with Upto 30 Hours Playtime, ASAP  Charge, Signature Sound, Dual Pairing & IPX5 with Mic (Active Black)",Electronics,Alto,1499.0,3990.0,62.0,4.1,109864.0,1,0.8819306500538964,Bajo
P1146,"Hindware Atlantic Compacto 3 Litre Instant water heater with Stainless Steel Tank, Robust Construction, Pressure Relief Valve And I-thermostat Feature (White And Grey)",Home&Kitchen,Medio,2399.0,4590.0,48.0,4.1,444.0,1,0.6491787815966733,Alto
P0631,"SanDisk Ultra Flair 64GB USB 3.0 Pen Drive, Multicolor",Computers&Accessories,Alto,519.0,1350.0,62.0,4.3,30058.0,1,0.8586618646913671,Bajo
P1223,"Swiss Military VC03 Wireless Car Vacuum Cleaner | Wireless Vacuum Cleaner for Home, Car, Living Room | Wireless Vacuum Cleaner Dust Collection/Lighting Car Pet Hair Vacuum with Powerful Motor",Home&Kitchen,Medio,1547.0,2890.0,46.0,3.9,463.0,0,0.6347960219792772,Alto
P1292,ACTIVA 1200 MM HIGH SPEED 390 RPM BEE APPROVED 5 STAR RATED APSRA CEILING FAN BROWN 2 Years Warranty,Home&Kitchen,Medio,1099.0,1990.0,45.0,3.9,5911.0,0,0.6458148929121996,Alto
P0427,"Redmi Note 11 Pro + 5G (Phantom White, 8GB RAM, 128GB Storage) | 67W Turbo Charge | 120Hz Super AMOLED Display | Additional Exchange Offers | Charger Included",Electronics,Bajo,20999.0,26999.0,22.0,3.9,25824.0,0,0.9401980819296989,Bajo
P1189,"Akiara® - Makes life easy Mini Sewing Machine with Table Set | Tailoring Machine | Hand Sewing Machine with extension table, foot pedal, adapter",Home&Kitchen,Medio,1484.0,2499.0,41.0,3.7,1067.0,0,0.6503547652155864,Medio
P0841,"Verilux® USB C Hub Multiport Adapter- 6 in 1 Portable Aluminum Type C Hub with 4K HDMI Output, USB 2.0/3.0 Ports, SD/Micro SD Card Reader Compatible for MacBook Pro 2016-2020, MacBook Air 2018-2020, Type-C Devices",Computers&Accessories,Medio,1187.0,1929.0,38.0,4.1,1662.0,1,0.857069686791905,Bajo
P1274,"Maharaja Whiteline Nano Carbon Neo, 500 Watts Room Heater (Black, White), Standard (5200100986)",Home&Kitchen,Bajo,1235.0,1499.0,18.0,4.1,203.0,1,0.7144395181216914,Medio
P0097,"Gilary Multi Charging Cable, 3 in 1 Nylon Braided Fast Charging Cable for iPhone Micro USB Type C Mobile Phone | Colour May Vary |",Computers&Accessories,Alto,345.0,999.0,65.0,3.7,1097.0,0,0.7861073074702626,Medio
P1163,"Kitchenwell 18Pc Plastic Food Snack Bag Pouch Clip Sealer for Keeping Food Fresh for Home, Kitchen, Camping Snack Seal Sealing Bag Clips (Multi-Color) | (Pack of 18)|",Home&Kitchen,Bajo,79.0,79.0,0.0,4.0,97.0,1,0.7528560364744649,Medio
P0274,Airtel Digital TV HD Set Top Box with 1 Month Basic Pack with Recording + Free Standard Installation,Electronics,Medio,917.0,2299.0,60.0,4.2,3300.0,1,0.5860617148010094,Alto
P0111,"boAt Laptop, Smartphone Type-c A400 Male Data Cable (Carbon Black)",Computers&Accessories,Alto,273.1,999.0,73.0,4.3,20850.0,1,0.8133998799170935,Medio
P1316,Wipro Vesta 1200 Watt GD201 Lightweight Automatic Dry Iron| Quick Heat Up| Stylish & Sleek |Anti bacterial German Weilburger Double Coated Soleplate |2 Years Warranty,Home&Kitchen,Medio,660.0,1100.0,40.0,3.6,91.0,0,0.6323731661227773,Alto
P0612,"Wayona Nylon Braided USB to Lightning Fast Charging and Data Sync Cable Compatible for iPhone 13, 12,11, X, 8, 7, 6, 5, iPad Air, Pro, Mini (3 FT Pack of 1, Grey)",Computers&Accessories,Alto,399.0,1099.0,64.0,4.2,24269.0,1,0.8418122452257677,Medio
P1215,"Philips AC1215/20 Air purifier, removes 99.97% airborne pollutants, 4-stage filtration with True HEPA filter (white)",Home&Kitchen,Bajo,8799.0,11995.0,27.0,4.1,4157.0,1,0.8095984247244056,Medio
P1244,"PrettyKrafts Laundry Basket for clothes with Lid & Handles, Toys Organiser, 75 Ltr Grey",Home&Kitchen,Alto,351.0,1099.0,68.0,3.7,1470.0,0,0.5296724854962845,Alto
P0993,"HP K500F Backlit Membrane Wired Gaming Keyboard with Mixed Color Lighting, Metal Panel with Logo Lighting, 26 Anti-Ghosting Keys, and Windows Lock Key / 3 Years Warranty(7ZZ97AA)",Computers&Accessories,Medio,1149.0,1800.0,36.0,4.3,4723.0,1,0.865515974862081,Bajo
P0492,"pTron Volta Dual Port 12W Smart USB Charger Adapter, Multi-Layer Protection, Made in India, BIS Certified, Fast Charging Power Adaptor Without Cable for All iOS & Android Devices (Black)",Electronics,Alto,199.0,1099.0,82.0,4.0,3197.0,1,0.48304115288394317,Alto
P0285,VU 108 cm (43 inches) Premium Series Full HD Smart LED TV 43GA (Black),Electronics,Medio,18999.0,35000.0,46.0,4.0,1001.0,1,0.9144773946784797,Bajo
P0593,"boAt Rockerz 255 Pro+ in-Ear Bluetooth Neckband with Upto 40 Hours Playback, ASAP  Charge, IPX7, Dual Pairing, BT v5.0, with Mic (Active Black)",Electronics,Alto,1399.0,3990.0,65.0,4.1,141841.0,1,0.9201032663772776,Bajo
P0646,"Dell WM118 Wireless Mouse, 2.4 Ghz with USB Nano Receiver, Optical Tracking, 12-Months Battery Life, Ambidextrous, Pc/Mac/Laptop - Black.",Computers&Accessories,Medio,569.0,1299.0,56.0,4.4,9275.0,1,0.8297489350578209,Medio
P1237,"Brayden Chopro, Electric Vegetable Chopper for Kitchen with 500 ML Capacity, 400 Watts Copper Motor and 4 Bi-Level SS Blades (Black)",Home&Kitchen,Bajo,1599.0,1999.0,20.0,4.4,1558.0,1,0.7181318280488945,Medio
P0027,"Ambrane Unbreakable 3 in 1 Fast Charging Braided Multipurpose Cable for Speaker with 2.1 A Speed - 1.25 meter, Black",Computers&Accessories,Bajo,299.0,399.0,25.0,4.0,2766.0,1,0.8727755442024243,Bajo
P0085,OnePlus 108 cm (43 inches) Y Series 4K Ultra HD Smart Android LED TV 43Y1S Pro (Black),Electronics,Bajo,29999.0,39999.0,25.0,4.2,7298.0,1,0.9601750349083974,Bajo
P0672,Panasonic CR-2032/5BE Lithium Coin Battery - Pack of 5,Electronics,Bajo,225.0,250.0,10.0,4.4,26556.0,1,0.7981349830295968,Medio
P0878,"Zebronics, ZEB-NC3300 USB Powered Laptop Cooling Pad with Dual Fan, Dual USB Port and Blue LED Lights",Computers&Accessories,Medio,599.0,999.0,40.0,4.0,7601.0,1,0.8576533646058224,Bajo
P0108,VU 139 cm (55 inches) The GloLED Series 4K Smart LED Google TV 55GloLED (Grey),Electronics,Medio,37999.0,65000.0,42.0,4.3,3587.0,1,0.9850427621657235,Bajo
P1249,"akiara - Makes life easy Electric Handy Sewing/Stitch Handheld Cordless Portable White Sewing Machine for Home Tailoring, Hand Machine | Mini Silai | White Hand Machine with Adapter",Home&Kitchen,Medio,721.0,1499.0,52.0,3.1,2449.0,0,0.6009798220631463,Alto
P0183,"AmazonBasics USB C to Lightning Aluminum with Nylon Braided MFi Certified Charging Cable (Grey, 1.2 meter)",Computers&Accessories,Medio,949.0,1999.0,53.0,4.4,13552.0,1,0.8500028363262273,Bajo
P0070,"oraimo 65W Type C to C Fast Charging Cable USB C to USB C Cable High Speed Syncing, Nylon Braided 1M length with LED Indicator Compatible For Laptop, Macbook, Samsung Galaxy S22 S20 S10 S20Fe S21 S21 Ultra A70 A51 A71 A50S M31 M51 M31S M53 5G",Computers&Accessories,Alto,349.0,899.0,61.0,4.5,149.0,1,0.7933765416454975,Medio
P1025,Glun Multipurpose Portable Electronic Digital Weighing Scale Weight Machine (10 Kg - with Back Light),Home&Kitchen,Medio,293.0,499.0,41.0,3.9,44994.0,0,0.7628664243937407,Medio
P0315,"EYNK Extra Long Micro USB Fast Charging USB Cable | Micro USB Data Cable | Quick Fast Charging Cable | Charger Sync Cable | High Speed Transfer Android Smartphones V8 Cable (2.4 Amp, 3m,) (White)",Computers&Accessories,Alto,299.0,799.0,63.0,4.0,151.0,1,0.7872513064958881,Medio
P0160,AmazonBasics Digital Optical Coax to Analog RCA Audio Converter Adapter with Fiber Cable,Electronics,Medio,1089.0,1600.0,32.0,4.0,3565.0,1,0.6813513397930117,Medio
P1376,"ZIGMA WinoteK WinoteK Sun Instant Water Geyser, Water Heater, Portable Water Heater, Geysers Made of First Class ABS Plastic, automatic Reset Model, AE10-3 W (Yellow)",Home&Kitchen,Medio,1190.0,2550.0,53.0,3.8,1181.0,0,0.6064215253569343,Alto
P0464,Samsung Ehs64 Ehs64Avfwecinu Hands-Free Wired In Ear Earphones With Mic With Remote Note (White),Electronics,Bajo,499.0,499.0,0.0,4.2,31539.0,1,0.8351657541456882,Medio
P0446,"Noise ColorFit Pulse Smartwatch with 3.56 cm (1.4"") Full Touch HD Display, SpO2, Heart Rate, Sleep Monitors & 10-Day Battery - Jet Black",Electronics,Alto,1599.0,4999.0,68.0,4.0,67950.0,1,0.791866818947278,Medio
P0105,"Wayona Type C To Type C Long Fast Charging Cable Type C Charger Cord Compatible With Samsung S22 S20 S20 Fe 2022 S22 Ultra S21 Ultra A70 A51 A53 A33 A73 M51 M31 M33 M53 (Grey, 2M, 65W, 6Ft)",Computers&Accessories,Medio,399.0,999.0,60.0,4.3,2806.0,1,0.8032399988137159,Medio
P0651,"STRIFF Mpad Mouse Mat 230X190X3mm Gaming Mouse Pad, Non-Slip Rubber Base, Waterproof Surface, Premium-Textured, Compatible with Laser and Optical Mice(Universe Black)",Computers&Accessories,Alto,129.0,999.0,87.0,4.2,491.0,1,0.7198581978232056,Medio
P0677,Epson 003 65 ml for EcoTank L1110/L3100/L3101/L3110/L3115/L3116/L3150/L3151/L3152/L3156/L5190 Black Ink Bottle,Computers&Accessories,Bajo,309.0,404.0,24.0,4.4,8614.0,1,0.8838967721448078,Bajo
P0010,Portronics Konnect L POR-1081 Fast Charging 3A Type-C Cable 1.2Meter with Charge & Sync Function for All Type-C Devices (Grey),Computers&Accessories,Medio,154.0,339.0,55.0,4.3,13391.0,1,0.8332913447926205,Medio
P0459,"Portronics CarPower Mini Car Charger with Dual Output, Fast Charging (Type C PD 18W + QC 3.0A) Compatible with All Smartphones(Black)",Electronics,Medio,337.0,699.0,52.0,4.2,4969.0,1,0.6017461446976795,Alto
P0986,Robustrion [Anti-Scratch] & [Smudge Proof] [Bubble Free] Premium Tempered Glass Screen Protector Guard for Samsung Galaxy Tab A8 10.5 inch [SM-X200/X205/X207] 2022,Computers&Accessories,Alto,399.0,1499.0,73.0,4.0,691.0,1,0.7676154132840343,Medio
P1326,"InstaCuppa Milk Frother for Coffee - Handheld Battery-Operated Electric Milk and Coffee Frother, Stainless Steel Whisk and Stand, Portable Foam Maker for Coffee, Cappuccino, Lattes, and Egg Beaters",Home&Kitchen,Bajo,1099.0,1499.0,27.0,4.1,4401.0,1,0.6978235668590399,Medio
P0523,"boAt Newly Launched Wave Electra with 1.81"" HD Display, Smart Calling Ultra-Seamless BT Calling Chip, 20 Built-in Watch Faces, 100 + Sports Modes, Menu Personalization, in-Built Games(Cherry Blossom)",Electronics,Alto,2499.0,7990.0,69.0,4.1,154.0,1,0.6125446576399776,Alto
P0768,"HP USB Wireless Spill Resistance Keyboard and Mouse Set with 10m Working Range 2.4G Wireless Technology / 3 Years Warranty (4SC12PA), Black",Computers&Accessories,Medio,1349.0,2198.0,39.0,4.0,7113.0,1,0.8667792316557417,Bajo
P0641,HP 805 Black Original Ink Cartridge,Computers&Accessories,Bajo,717.0,761.0,6.0,4.0,7199.0,1,0.9100609108066746,Bajo
P0158,"ZEBRONICS HAA2021 HDMI version 2.1 cable with 8K @ 60Hz, 4K @ 120Hz, eARC & CEC support, 3D compatible, 2 meters length, 48Gbps max and Gold-plated connectors",Electronics,Medio,637.0,1499.0,58.0,4.1,24.0,1,0.5712689088567794,Alto
P1410,"Bajaj Rex DLX 750 W 4 Jars Mixer Grinder, White and Blue",Home&Kitchen,Medio,3041.67,5999.0,49.0,4.0,777.0,1,0.6641995666338701,Medio
P1002,Parker Moments Vector Timecheck Gold Trim Roller Ball Pen (Black),OfficeProducts,Bajo,420.0,420.0,0.0,4.2,1926.0,1,0.9960854821537084,Bajo
P0489,"Noise Pulse Buzz 1.69"" Bluetooth Calling Smart Watch with Call Function, 150 Watch Faces, 60 Sports Modes, Spo2 & Heart Rate Monitoring, Calling Smart Watch for Men & Women - Rose Pink",Electronics,Medio,1999.0,4999.0,60.0,3.9,7571.0,0,0.6360517078404911,Alto
P1029,"Prestige Electric Kettle PKOSS - 1500watts, Steel (1.5Ltr), Black",Home&Kitchen,Medio,749.0,1445.0,48.0,3.9,63350.0,0,0.8001087846505242,Medio
P0231,MI 108 cm (43 inches) 5X Series 4K Ultra HD LED Smart Android TV L43M6-ES (Grey),Electronics,Medio,31999.0,49999.0,36.0,4.3,21252.0,1,0.9766898724572769,Bajo
P0700,COI Note Pad/Memo Book with Sticky Notes & Clip Holder with Pen for Gifting,OfficeProducts,Alto,198.0,800.0,75.0,4.1,9344.0,1,0.9888735082753903,Bajo
P0875,"Lenovo 300 FHD Webcam with Full Stereo Dual Built-in mics | FHD 1080P 2.1 Megapixel CMOS Camera |Privacy Shutter | Ultra-Wide 95 Lens | 360 Rotation | Flexible Mount, Plug-n-Play | Cloud Grey",Computers&Accessories,Alto,1890.0,5490.0,66.0,4.1,10976.0,1,0.8421855225882873,Medio
P0194,"Duracell Micro USB 3A Braided Sync & Fast Charging Cable, 3.9 Feet (1.2M). Supports QC 2.0/3.0 Charging, High Speed Data Transmission - Black",Computers&Accessories,Medio,320.0,599.0,47.0,4.1,491.0,1,0.8257237070952791,Medio
P0575,"Ambrane 27000mAh Power Bank, 20W Fast Charging, Triple Output, Type C PD (Input & Output), Quick Charge, Li-Polymer, Multi-Layer Protection for iPhone, Smartphones & Other Devices (Stylo Pro, Black)",Electronics,Bajo,2499.0,2999.0,17.0,4.1,3156.0,1,0.7458394143261486,Medio
P0079,Firestick Remote,Electronics,Alto,1434.0,3999.0,64.0,4.0,32.0,1,0.5806805653215182,Alto
P1122,"Luminous Vento Deluxe 150 mm Exhaust Fan for Kitchen, Bathroom with Strong Air Suction, Rust Proof Body and Dust Protection Shutters (2-Year Warranty, White)",Home&Kitchen,Medio,999.0,1490.0,33.0,4.1,12999.0,1,0.7048089153820024,Medio
P0496,"Samsung Galaxy M32 Prime Edition (Light Blue, 4GB RAM, 64GB)",Electronics,Bajo,12999.0,13499.0,4.0,4.1,56098.0,1,0.9387021686290092,Bajo
P1159,"PHILIPS HL1655/00 Hand Blender, White Jar 250W",Home&Kitchen,Bajo,1695.0,1695.0,0.0,4.2,14290.0,1,0.8065470592810585,Medio
P0091,OnePlus 108 cm (43 inches) Y Series Full HD Smart Android LED TV 43 Y1S (Black),Electronics,Bajo,24999.0,31999.0,22.0,4.2,34899.0,1,0.9604009053998255,Bajo
P0809,"Classmate Pulse Spiral Notebook - 240 mm x 180 mm, Soft Cover, 200 Pages, Unruled",OfficeProducts,Bajo,67.0,75.0,11.0,4.1,1269.0,1,0.9952022602830216,Bajo
P0510,"Newly Launched Boult Dive+ with 1.85"" HD Display, Bluetooth Calling Smartwatch, 500 Nits Brightness, 7 Days Battery Life, 150+ Watch Faces, 100+ Sport Modes, IP68 Waterproof Smart Watch (Jet Black)",Electronics,Alto,1999.0,8499.0,76.0,4.3,240.0,1,0.5908906261827079,Alto
P1121,"Bajaj OFR Room Heater, 13 Fin 2900 Watts Oil Filled Room Heater with 400W PTC Ceramic Fan Heater, ISI Approved (Majesty 13F Plus Black)",Home&Kitchen,Medio,9590.0,15999.0,40.0,4.1,1017.0,1,0.8025050833937328,Medio
P0601,"pTron Bullet Pro 36W PD Quick Charger, 3 Port Fast Car Charger Adapter - Compatible with All Smartphones & Tablets (Black)",Electronics,Alto,349.0,1299.0,73.0,4.0,14283.0,1,0.5627392370443957,Alto
P1166,"AGARO 33398 Rapid 1000-Watt, 10-Litre Wet & Dry Vacuum Cleaner, with Blower Function (Red & Black)",Home&Kitchen,Medio,3199.0,5999.0,47.0,4.0,3242.0,1,0.6797606044721469,Medio
P1197,"Kuber Industries Waterproof Canvas Laundry Bag/Hamper|Metalic Printed With Handles|Foldable Bin & 45 Liter Capicity|Size 37 x 37 x 46, Pack of 1 (Brown)",Home&Kitchen,Medio,199.0,499.0,60.0,4.0,10234.0,1,0.5854538743565116,Alto
P1407,"Sujata Supermix, Mixer Grinder, 900 Watts, 3 Jars (White)",Home&Kitchen,Bajo,5490.0,7200.0,24.0,4.5,1408.0,1,0.764111539508841,Medio
P0884,"Logitech M331 Silent Plus Wireless Mouse, 2.4GHz with USB Nano Receiver, 1000 DPI Optical Tracking, 3 Buttons, 24 Month Life Battery, PC/Mac/Laptop - Black",Computers&Accessories,Bajo,1295.0,1645.0,21.0,4.6,12375.0,1,0.9008983414596059,Bajo
P1069,"Amazon Basics 1500 W Electric Kettle (Stainless Steel Body, 1.5 L)",Home&Kitchen,Medio,749.0,1299.0,42.0,4.0,119.0,1,0.6276821675556725,Alto
P0569,"WeCool S5 Long Selfie Stick, with Large Reinforced Tripod Stand up to 61 Inch / 156 Cms, Ultra Long Multi Function Bluetooth Selfie Stick with 1/4 Screw Compatible with Gopro, Camera, and Ring Light",Electronics,Medio,1799.0,3999.0,55.0,4.6,245.0,1,0.6165771547903529,Alto
P1451,"akiara - Makes life easy Mini Sewing Machine for Home Tailoring use | Mini Silai Machine with Sewing Kit Set Sewing Box with Thread Scissors, Needle All in One Sewing Accessories (White & Purple)",Home&Kitchen,Medio,1563.0,3098.0,50.0,3.5,2283.0,0,0.628956082389038,Alto
P0780,"Gizga Essentials Multi-Purpose Portable & Foldable Wooden Desk for Bed Tray, Laptop Table, Study Table (Black)",Computers&Accessories,Alto,549.0,1999.0,73.0,3.6,6422.0,0,0.787111189274574,Medio
P1144,"InstaCuppa Portable Blender for Smoothie, Milk Shakes, Crushing Ice and Juices, USB Rechargeable Personal Blender Machine for Kitchen with 4000 mAh Rechargeable Battery, 230 Watt Motor, 500 ML",Home&Kitchen,Bajo,2799.0,3499.0,20.0,4.5,546.0,1,0.732832573042756,Medio
P1091,"Bulfyss Stainless Steel Digital Kitchen Weighing Scale & Food Weight Machine for Diet, Nutrition, Health, Fitness, Baking & Cooking (5Kgs, Stainless Steel, 2 Years Warranty)",Home&Kitchen,Medio,799.0,1999.0,60.0,4.1,2162.0,1,0.5756472222682546,Alto
P0576,"STRIFF Wall Mount Phone Holder Wall Mount with Adhesive Strips, Charging Holder Compatible with iPhone, Smartphone and Mini Tablet (Pack of 1) (White)",Electronics,Alto,89.0,499.0,82.0,4.1,9340.0,1,0.49845318407497397,Alto
P0898,"Lapster USB 3.0 sata Cable for 2.5 inch SSD and HDD , USB 3.0 to SATA III Hard Driver Adapter , sata to USB Cable-(Blue)",Computers&Accessories,Alto,349.0,999.0,65.0,3.9,817.0,0,0.7854064942100062,Medio
P0363,"Fire-Boltt India's No 1 Smartwatch Brand Talk 2 Bluetooth Calling Smartwatch with Dual Button, Hands On Voice Assistance, 60 Sports Modes, in Built Mic & Speaker with IP68 Rating",Electronics,Alto,2199.0,9999.0,78.0,4.2,29471.0,1,0.7010445346632205,Medio
P0969,"Classmate Long Book - Unruled, 160 Pages, 314 mm x 194 mm - Pack Of 3",OfficeProducts,Bajo,165.0,165.0,0.0,4.5,1674.0,1,0.9960083141697117,Bajo
P0298,WANBO X1 Pro (Upgraded) | Native 1080P Full HD | Android 9 | Projector for Home | LED Cinema | 350ANSI | 3900 lumens | WiFi Bluetooth | HDMI ARC | Dolby DTS | 4D Keystone Correction (Global Version),Electronics,Medio,13990.0,28900.0,52.0,4.5,7.0,1,0.8694830606912063,Bajo
P0293,AmazonBasics USB Type-C to Micro-B 2.0 Cable - 6 Inches (15.2 Centimeters) - White,Computers&Accessories,Alto,349.0,899.0,61.0,4.1,14896.0,1,0.8274129725868316,Medio
P1392,Empty Mist Trigger Plastic Spray Bottle for Multi use 200ml Pack of 2,Home&Kitchen,Medio,85.0,199.0,57.0,4.1,212.0,1,0.5560958524244746,Alto
P0343,"Nokia 105 Single SIM, Keypad Mobile Phone with Wireless FM Radio | Charcoal",Electronics,Bajo,1299.0,1599.0,19.0,4.0,128311.0,1,0.9450607722112925,Bajo
P0271,Dealfreez Case Compatible for Fire TV Stick 4K All Alexa Voice Remote Shockproof Silicone Anti-Lost Cover with Loop (C-Black),Electronics,Alto,349.0,999.0,65.0,4.2,513.0,1,0.5389452843131394,Alto
P0428,"USB Charger, Oraimo Elite Dual Port 5V/2.4A Wall Charger, USB Wall Charger Adapter for iPhone 11/Xs/XS Max/XR/X/8/7/6/Plus, iPad Pro/Air 2/Mini 3/Mini 4, Samsung S4/S5, and More",Electronics,Alto,249.0,649.0,62.0,4.0,14404.0,1,0.5972330588381205,Alto
P0847,"Classmate Pulse 6 Subject Notebook - Unruled, 300 Pages, Spiral Binding, 240mm*180mm",OfficeProducts,Bajo,114.0,120.0,5.0,4.2,8938.0,1,0.9961175875836958,Bajo
P1014,"Zebronics Astra 10 Portable Wireless BT v5.0 Speaker, 10W RMS Power, 15* Hours Backup, 2.25"" Drive Size, up to 6.4"" Mobile Holder Support, Carry Handle, USB, mSD, AUX Input and FM Radio with Antenna",Electronics,Medio,799.0,1999.0,60.0,3.7,418.0,0,0.5715308628238354,Alto
P0257,"Wayona USB Type C Fast Charging Cable Charger Cord 3A QC 3.0 Data Cable Compatible with Samsung Galaxy S10e S10 S9 S8 S20 Plus, Note 10 9 8, M51 A40 A50 A70, Moto G7 G8 (1M, Grey)",Computers&Accessories,Alto,299.0,999.0,70.0,4.3,2651.0,1,0.7765710361647705,Medio
P0039,"Duracell Type C To Type C 5A (100W) Braided Sync & Fast Charging Cable, 3.9 Feet (1.2M). USB C to C Cable, Supports PD & QC 3.0 Charging, 5 GBPS Data Transmission – Black",Computers&Accessories,Medio,970.0,1999.0,51.0,4.2,462.0,1,0.8276818892565487,Medio
P0596,"JBL C100SI Wired In Ear Headphones with Mic, JBL Pure Bass Sound, One Button Multi-function Remote, Angled Buds for Comfort fit (Black)",Electronics,Medio,599.0,999.0,40.0,4.1,192587.0,1,0.9690500901109512,Bajo
P1141,"Cookwell Bullet Mixer Grinder (5 Jars, 3 Blades, Silver)",Home&Kitchen,Medio,2464.0,6000.0,59.0,4.1,8866.0,1,0.6545547044017082,Medio
P0602,"HP v236w USB 2.0 64GB Pen Drive, Metal",Computers&Accessories,Alto,475.0,1500.0,68.0,4.2,64273.0,1,0.9030621809704559,Bajo
P1126,HUL Pureit Germkill kit for Classic 23 L water purifier - 1500 L Capacity,Home&Kitchen,Bajo,600.0,600.0,0.0,4.1,10907.0,1,0.7873340593009869,Medio
P0020,"Duracell USB Lightning Apple Certified (Mfi) Braided Sync & Charge Cable For Iphone, Ipad And Ipod. Fast Charging Lightning Cable, 3.9 Feet (1.2M) - Black",Computers&Accessories,Medio,970.0,1799.0,46.0,4.5,815.0,1,0.838001077417685,Medio
P0517,"Flix (Beetel) Bolt 2.4 12W Dual USB Smart Charger, Made in India, Bis Certified, Fast Charging Power Adaptor with 1 Meter USB to Type C Cable for Cellular Phones (White)(Xwc-64D)",Electronics,Medio,249.0,599.0,58.0,3.9,2147.0,0,0.5670632235168007,Alto
P0289,Firestick Remote,Electronics,Medio,1289.0,2499.0,48.0,3.3,73.0,0,0.6230353312359358,Alto
P0805,"Portronics Ruffpad 8.5M Multicolor LCD Writing Pad with Screen 21.5cm (8.5-inch) for Drawing, Playing, Handwriting Gifts for Kids & Adults, India's first notepad to save and share your child's first creatives via Ruffpad app on your Smartphone(Black)",Computers&Accessories,Alto,378.0,999.0,62.0,4.1,1779.0,1,0.7956763235381427,Medio
P0622,"Noise ColorFit Pro 4 Advanced Bluetooth Calling Smart Watch with 1.72"" TruView Display, Fully-Functional Digital Crown, 311 PPI, 60Hz Refresh Rate, 500 NITS Brightness (Charcoal Black)",Electronics,Medio,2998.0,5999.0,50.0,4.1,5179.0,1,0.6773161239422969,Medio
P0807,Cuzor 12V Mini ups for WiFi Router | Power Backup up to 4 Hours | Replaceable Battery | Ups for Wi-Fi Router and Modem | Ups for Router up to 2A | ups for uninterrupted wi-fi,Computers&Accessories,Medio,1499.0,2999.0,50.0,4.5,8656.0,1,0.8537357578717113,Bajo
P0268,"Cubetek 3 in 1 LCD Display V5.0 Bluetooth Transmitter Receiver, Bypass Audio Adapter with Aux, Optical, Dual Link Support for TV, Home Stereo, PC, Headphones, Speakers, Model: CB-BT27",Electronics,Medio,1990.0,3100.0,36.0,4.0,897.0,1,0.6774539587171952,Medio
P0880,"Tukzer Gel Mouse Pad Wrist Rest Memory-Foam Ergonomic Mousepad| Cushion Wrist Support & Pain Relief| Suitable for Gaming, Computer, Laptop, Home & Office Non-Slip Rubber Base (Blue)",Computers&Accessories,Medio,425.0,899.0,53.0,4.5,4219.0,1,0.8225106015266782,Medio
P0445,Spigen EZ Fit Tempered Glass Screen Protector Guard for iPhone 14/13/13 Pro - 2 Pack,Electronics,Alto,999.0,2899.0,66.0,4.6,26603.0,1,0.6535337910195386,Medio
P1284,Crompton Hill Briz Deco 1200mm (48 inch) High Speed Designer Ceiling Fan (Smoked Brown),Home&Kitchen,Bajo,1804.0,2380.0,24.0,4.0,15382.0,1,0.7505873886587809,Medio
P1175,"FABWARE Lint Remover for Clothes - Sticky Lint Roller for Clothes, Furniture, Wool, Coat, Car Seats, Carpet, Fabric, Dust Cleaner, Pet Hair Remover with 1 Handle & 1 Refill Total 60 Sheets & 1 Cover",Home&Kitchen,Medio,298.0,499.0,40.0,4.4,290.0,1,0.6251043392483663,Alto
P1164,Havells Instanio 10 Litre Storage Water Heater with Flexi Pipe and Free installation (White Blue),Home&Kitchen,Medio,6990.0,14290.0,51.0,4.4,1771.0,1,0.7545217923496856,Medio
P0882,Robustrion Smart Trifold Hard Back Flip Stand Case Cover for Apple iPad 10.2 Cover iPad 9th Generation Cover 2021 8th Gen 2020 7th Gen 2019 Generation Case - Black,Computers&Accessories,Alto,549.0,2499.0,78.0,4.3,5556.0,1,0.7756368413406314,Medio
P1396,"Cafe JEI French Press Coffee and Tea Maker 600ml with 4 Level Filtration System, Heat Resistant Borosilicate Glass (Black, 600ml)",Home&Kitchen,Bajo,1099.0,1500.0,27.0,4.5,1065.0,1,0.687140330577891,Medio
P0833,"Duracell Rechargeable AA 2500mAh Batteries, 4 Pcs",Electronics,Bajo,879.0,1109.0,21.0,4.4,31599.0,1,0.7905436412384049,Medio
P0159,7SEVEN® Compatible for Sony Bravia LCD LED UHD OLED QLED 4K Ultra HD TV remote control with YouTube and NETFLIX Hotkeys. Universal Replacement for Original Sony Smart Android tv Remote Control,Electronics,Medio,399.0,899.0,56.0,3.9,254.0,0,0.5718660997272642,Alto
P0239,Amazon Basics 16-Gauge Speaker Wire - 50 Feet,Electronics,Medio,399.0,795.0,50.0,4.4,12091.0,1,0.6357386231948248,Alto
P1281,"iBELL SM1301 3-in-1 Sandwich Maker with Detachable Plates for Toast / Waffle / Grill , 750 Watt (Black)",Home&Kitchen,Medio,2092.0,4600.0,55.0,4.3,562.0,1,0.6233120047438897,Alto
P0009,"Ambrane Unbreakable 60W / 3A Fast Charging 1.5m Braided Micro USB Cable for Smartphones, Tablets, Laptops & Other Micro USB Devices, 480Mbps Data Sync, Quick Charge 3.0 (RCM15, Black)",Computers&Accessories,Medio,199.0,299.0,33.0,4.0,43994.0,1,0.9179178068453754,Bajo
P0892,"TP-Link AC600 600 Mbps WiFi Wireless Network USB Adapter for Desktop PC with 2.4GHz/5GHz High Gain Dual Band 5dBi Antenna Wi-Fi, Supports Windows 11/10/8.1/8/7/XP, Mac OS 10.15 and earlier (Archer T2U Plus)",Computers&Accessories,Medio,1199.0,2199.0,45.0,4.4,24780.0,1,0.8851864226972171,Bajo
P1375,TE™ Instant Electric Heating Hot and Cold Water Geyser Tap Water with Digital Display (White),Home&Kitchen,Alto,1449.0,4999.0,71.0,3.6,63.0,0,0.5635761520399264,Alto
P0828,"Logitech MK270r USB Wireless Keyboard and Mouse Set for Windows, 2.4 GHz Wireless, Spill-resistant Design, 8 Multimedia & Shortcut Keys, 2-Year Battery Life, PC/Laptop- Black",Computers&Accessories,Medio,1345.0,2295.0,41.0,4.2,17413.0,1,0.8809106396695683,Bajo
P0242,"Caprigo Heavy Duty TV Wall Mount Bracket for 14 to 32 Inch LED/HD/Smart TV’s, Universal Fixed TV Wall Mount Stand (M452)",Electronics,Medio,399.0,999.0,60.0,4.0,1236.0,1,0.5612537399942281,Alto
P0204,"BlueRigger High Speed HDMI Cable with Ethernet - Supports 3D, 4K 60Hz and Audio Return - Latest Version (3 Feet / 0.9 Meter)",Electronics,Bajo,467.0,599.0,22.0,4.4,44054.0,1,0.8130036870359214,Medio
P0512,"pTron Solero MB301 3A Micro USB Data & Charging Cable, Made in India, 480Mbps Data Sync, Strong & Durable 1.5-Meter Nylon Braided USB Cable for Micro USB Devices - (Black)",Computers&Accessories,Alto,99.0,666.66,85.0,3.9,24870.0,0,0.7901036766900748,Medio
P0889,"ZEBRONICS Zeb-Sound Bomb N1 True Wireless in Ear Earbuds with Mic ENC, Gaming Mode (up to 50ms), up to 18H Playback, BT V5.2, Fidget Case, Voice Assistant, Splash Proof, Type C (Midnight Black)",Electronics,Alto,999.0,4199.0,76.0,3.5,1913.0,0,0.5422291714708231,Alto
P0904,"Hp Wired On Ear Headphones With Mic With 3.5 Mm Drivers, In-Built Noise Cancelling, Foldable And Adjustable For Laptop/Pc/Office/Home/ 1 Year Warranty (B4B09Pa)",Computers&Accessories,Medio,649.0,999.0,35.0,3.5,7222.0,0,0.8664003859365399,Bajo
P1082,Crompton Arno Neo 15-L 5 Star Rated Storage Water Heater (Geyser) with Advanced 3 Level Safety (Grey),Home&Kitchen,Medio,6199.0,10400.0,40.0,4.1,14391.0,1,0.7833164764771131,Medio
P0782,"Duracell USB C To Lightning Apple Certified (Mfi) Braided Sync & Charge Cable For Iphone, Ipad And Ipod. Fast Charging Lightning Cable, 3.9 Feet (1.2M) - Black",Computers&Accessories,Medio,970.0,1999.0,51.0,4.4,184.0,1,0.8270841818345852,Medio
P1338,"Bajaj Majesty Duetto Gas 6 Ltr Vertical Water Heater ( LPG), White",Home&Kitchen,Bajo,5365.0,7445.0,28.0,3.9,3584.0,0,0.7605287958207604,Medio
P0905,"Redragon K617 Fizz 60% Wired RGB Gaming Keyboard, 61 Keys Compact Mechanical Keyboard w/White and Grey Color Keycaps, Linear Red Switch, Pro Driver/Software Supported",Computers&Accessories,Bajo,2649.0,3499.0,24.0,4.5,1271.0,1,0.8910306614317692,Bajo
P0472,"Fire-Boltt Ring 3 Smart Watch 1.8 Biggest Display with Advanced Bluetooth Calling Chip, Voice Assistance,118 Sports Modes, in Built Calculator & Games, SpO2, Heart Rate Monitoring",Electronics,Alto,2999.0,9999.0,70.0,4.2,20879.0,1,0.7024826826243353,Medio
P0694,HP 682 Black Original Ink Cartridge,Computers&Accessories,Bajo,828.0,861.0,4.0,4.2,4567.0,1,0.909910743772192,Bajo
